gm_code,g_code,label,url,status,fetched_at,sha256,content_length,error
GM1714,G1714,Sluis,https://voteflow.api.nos.nl/GR26/gemeente/G1714.json,200,2026-03-25T10:36:36.781Z,4abd892a42ac0ccc27be66187f04ee35c2c083dc115103e9395d0c0253d77249,2932,
GM0505,G0505,Dordrecht,https://voteflow.api.nos.nl/GR26/gemeente/G0505.json,200,2026-03-25T10:36:50.880Z,efe8db4c1e33765aa79b4cb8520f3fd25489ab23e6a585d72adda6c016114019,4567,
GM0275,G0275,Rheden,https://voteflow.api.nos.nl/GR26/gemeente/G0275.json,200,2026-03-25T10:37:04.885Z,e76d3371272d16bfc8cb52d2d878110a7e4c04c44c8d1c23caeef71be879a508,2909,
GM0090,G0090,Smallingerland,https://voteflow.api.nos.nl/GR26/gemeente/G0090.json,200,2026-03-25T10:37:22.791Z,76555aac3df51a9c27dfe647d896ef191af5e000cd0d4e3d62947724bfc580a1,3204,
GM0879,G0879,Zundert,https://voteflow.api.nos.nl/GR26/gemeente/G0879.json,200,2026-03-25T10:37:36.116Z,a36b90fef3a7b70ad607aed945f2e58fe99f8c8cc518161b9aab72a01b31477d,2269,
GM1721,G1721,Bernheze,https://voteflow.api.nos.nl/GR26/gemeente/G1721.json,200,2026-03-25T10:37:52.432Z,da7b53586dea1bfe0b023dd32c42961660e18fb2f3742a577c06aec05d875c46,2267,
GM1655,G1655,Halderberge,https://voteflow.api.nos.nl/GR26/gemeente/G1655.json,200,2026-03-25T10:38:06.120Z,e2fc2a35a13d922a8950171ed59d754cf32cf14975886de0dd1d7f52c5d8d8f4,2251,
GM0392,G0392,Haarlem,https://voteflow.api.nos.nl/GR26/gemeente/G0392.json,200,2026-03-25T10:38:21.635Z,70f5ccd961d1f3e396084e302cf046afbc4c23b7cdd474384631080952954d82,4792,
GM0164,G0164,Hengelo (O.),https://voteflow.api.nos.nl/GR26/gemeente/G0164.json,200,2026-03-25T10:38:35.478Z,bd032c9260f934f09303a608efb36373456d11179857606ede98ea0a4887488e,4078,
GM0400,G0400,Den Helder,https://voteflow.api.nos.nl/GR26/gemeente/G0400.json,200,2026-03-25T10:38:48.030Z,852d2197ad813e602a9746226686a49cab3cdb78cb905c0e0c88066a1c758cb5,4772,
GM1950,G1950,Westerwolde,https://voteflow.api.nos.nl/GR26/gemeente/G1950.json,200,2026-03-25T10:39:00.964Z,00847bb16227dae45eb32ae4670e294baa3ccc2d54dc6b0fa37421b0b0de6ca2,3160,
GM0221,G0221,Doesburg,https://voteflow.api.nos.nl/GR26/gemeente/G0221.json,200,2026-03-25T10:39:13.958Z,21ec071e5e87a903399eec72b8e16e598a027cec319c2c9bd96137fe85700e5f,2017,
GM0252,G0252,Heumen,https://voteflow.api.nos.nl/GR26/gemeente/G0252.json,200,2026-03-25T10:39:28.360Z,ee9b1937257bbef4ab9f367b0d35036cb88a1d919821e1b44467847683a13ef2,2021,
GM0047,G0047,Veendam,https://voteflow.api.nos.nl/GR26/gemeente/G0047.json,200,2026-03-25T10:39:45.608Z,216794ee076ae92fecb1b474ade5f0f6280c987b60af25d5421fe131560ae3a4,2920,
GM0590,G0590,Papendrecht,https://voteflow.api.nos.nl/GR26/gemeente/G0590.json,200,2026-03-25T10:40:02.680Z,b2eab47765017eca05cfb15e3d3f0ff428a51e974f38b39719da7002cf4f43c0,3203,
GM1916,G1916,Leidschendam-Voorburg,https://voteflow.api.nos.nl/GR26/gemeente/G1916.json,200,2026-03-25T10:40:15.248Z,ad539209a473db4f517f0309f161dbe6ca98ddcfb100793432ec3e6fccec6935,2943,
GM0512,G0512,Gorinchem,https://voteflow.api.nos.nl/GR26/gemeente/G0512.json,200,2026-03-25T10:40:27.747Z,5cf0b46d9c2bb32f1d7c824e532a059052abd4602515adb8eeb9f287156e54a6,2946,
GM0757,G0757,Boxtel,https://voteflow.api.nos.nl/GR26/gemeente/G0757.json,200,2026-03-25T10:40:42.089Z,97b29c6324b4802daff39989bfe0325673f2570ba67360b2147dd2559c28ae1c,2483,
GM0988,G0988,Weert,https://voteflow.api.nos.nl/GR26/gemeente/G0988.json,200,2026-03-25T10:40:56.729Z,7e8503a8938a5c35ecba3e385b61a5372977cebd97751f3cee4a7ef2d86f0d38,2226,
GM1709,G1709,Moerdijk,https://voteflow.api.nos.nl/GR26/gemeente/G1709.json,200,2026-03-25T10:41:10.656Z,4f2583486159244c2ff31340d96b85564706c39422d0dd763e92d6c14a9f0a21,2964,
GM0629,G0629,Wassenaar,https://voteflow.api.nos.nl/GR26/gemeente/G0629.json,200,2026-03-25T10:41:25.084Z,bc7c7dcf18e91f4502089ec53f16cc81508f9914701e7a874e701981c6999ce5,2717,
GM0352,G0352,Wijk bij Duurstede,https://voteflow.api.nos.nl/GR26/gemeente/G0352.json,200,2026-03-25T10:41:37.835Z,edfb83f6b50d220c9b18e209cdf27dadd8b197485cd138e6f0b3521cc50d949e,2745,
GM0302,G0302,Nunspeet,https://voteflow.api.nos.nl/GR26/gemeente/G0302.json,200,2026-03-25T10:41:54.373Z,b03934b9b04389430bbc6e55aa3c56824c0a3ce879b9a20cb10746b32bcdd6a8,2255,
GM0866,G0866,Waalre,https://voteflow.api.nos.nl/GR26/gemeente/G0866.json,200,2026-03-25T10:42:06.789Z,1a58347c709c6e927558cef462aac30716c227bbb869ec5451e241f1ae509ce2,2009,
GM0243,G0243,Harderwijk,https://voteflow.api.nos.nl/GR26/gemeente/G0243.json,200,2026-03-25T10:42:20.112Z,6c1b3ef3d764491ec5512b7b239f1f0bb7dbcd71a029d97f7aaa3200c441e14d,2515,
GM0513,G0513,Gouda,https://voteflow.api.nos.nl/GR26/gemeente/G0513.json,200,2026-03-25T10:42:32.626Z,ea72c67c0cdaaecd9a9c3d921f7498861d61207fbd331bf5038f293b872a1179,4091,
GM0599,G0599,Rotterdam,https://voteflow.api.nos.nl/GR26/gemeente/G0599.json,200,2026-03-25T10:42:47.502Z,01a6810e53f1c601bd048aff8bdea9d492ba8159ff0e1060ef8831c33d46d7bf,5736,
GM0197,G0197,Aalten,https://voteflow.api.nos.nl/GR26/gemeente/G0197.json,200,2026-03-25T10:42:59.650Z,0fe63f2e439057e54684db75e9093bc2b90ac590b4e18e73e51edfbcde607e03,2254,
GM0344,G0344,Utrecht,https://voteflow.api.nos.nl/GR26/gemeente/G0344.json,200,2026-03-25T10:43:15.867Z,5f3910c83dad18651d195e630e4824e42d1a1eb882b4b91d9c40b5e1e70c2804,5481,
GM0321,G0321,Houten,https://voteflow.api.nos.nl/GR26/gemeente/G0321.json,200,2026-03-25T10:43:29.400Z,3d28442149ba1156b50f279df8d26035a77f6b7553db9e29c51d79703b6d116b,2944,
GM0285,G0285,Voorst,https://voteflow.api.nos.nl/GR26/gemeente/G0285.json,200,2026-03-25T10:43:43.395Z,56128b824b77d5a01dc56b61252dbbf0b16b1a163b3e6f891be898a648a84cb0,2733,
GM0268,G0268,Nijmegen,https://voteflow.api.nos.nl/GR26/gemeente/G0268.json,200,2026-03-25T10:43:56.273Z,2b5ac399c4819a1660a39301d4c207596ab8ac153f18a0a77063e153df1ee29a,3872,
GM0362,G0362,Amstelveen,https://voteflow.api.nos.nl/GR26/gemeente/G0362.json,200,2026-03-25T10:44:12.621Z,946ad3cdcfa0e4223a67d1b203aafb3d8c4a73af4571a31111b6c05cb2a780d8,3434,
GM0299,G0299,Zevenaar,https://voteflow.api.nos.nl/GR26/gemeente/G0299.json,200,2026-03-25T10:44:27.290Z,d4371e809bf102dd486056f6f066a2261c935543c5cfe7bc30856093e7dc0d31,3150,
GM0098,G0098,Weststellingwerf,https://voteflow.api.nos.nl/GR26/gemeente/G0098.json,200,2026-03-25T10:44:43.777Z,8c1d0b9cf132224e8bb60219921577b20559604d11b7190465ec11e4056ff458,2951,
GM1926,G1926,Pijnacker-Nootdorp,https://voteflow.api.nos.nl/GR26/gemeente/G1926.json,200,2026-03-25T10:45:00.261Z,15b2b4be768dd5c58224fee9fd63343a3ef7534a4eaedcab1033823548d63ab1,3468,
GM0230,G0230,Elburg,https://voteflow.api.nos.nl/GR26/gemeente/G0230.json,200,2026-03-25T10:45:13.913Z,d480d76c921c51fe85f5fa11226bce56f9551829d75886b6b456626e54844802,2317,
GM1652,G1652,Gemert-Bakel,https://voteflow.api.nos.nl/GR26/gemeente/G1652.json,200,2026-03-25T10:45:31.231Z,a09437d1b2e166b1bd4af7616e35c443b210f16391536e28efd9ba1ee57ca626,2262,
GM0546,G0546,Leiden,https://voteflow.api.nos.nl/GR26/gemeente/G0546.json,200,2026-03-25T10:45:44.418Z,183147dc5f3937a089eb34d6b0ae993cc4ca419ba688c8c68f7a3e0992f9e0d3,3437,
GM1740,G1740,Neder-Betuwe,https://voteflow.api.nos.nl/GR26/gemeente/G1740.json,200,2026-03-25T10:45:59.314Z,fbb4a64314fd53bf58614c02b2f298587003bdc2dfc1549d9a5364d495408072,2077,
GM1894,G1894,Peel en Maas,https://voteflow.api.nos.nl/GR26/gemeente/G1894.json,200,2026-03-25T10:46:13.615Z,21cfcbffa83f4a5a9de7411f46a6f6be0b370327717feff9e9207029abb4ca18,2023,
GM0865,G0865,Vught,https://voteflow.api.nos.nl/GR26/gemeente/G0865.json,200,2026-03-25T10:46:27.366Z,5ed002ee0f8928277d30d29d99d03c2dc05c7f50d0624fd3b31311405c1730c8,2251,
GM0269,G0269,Oldebroek,https://voteflow.api.nos.nl/GR26/gemeente/G0269.json,200,2026-03-25T10:46:43.945Z,0115c13ede99d99109f25f58e36b7605132f9fcbfeb80a4ef75e77d68d119cd9,2505,
GM1945,G1945,Berg en Dal,https://voteflow.api.nos.nl/GR26/gemeente/G1945.json,200,2026-03-25T10:46:57.619Z,471df5fa14d5ebc58b44879376acafdc2a96ef4ab3db20e9b46e7977b0bd33f6,2030,
GM1658,G1658,Heeze-Leende,https://voteflow.api.nos.nl/GR26/gemeente/G1658.json,200,2026-03-25T10:47:10.569Z,af25c1cb9cc13300d8d2c9c34a815da701d579d5061220c7e4b182df2e44b56d,2289,
GM0718,G0718,Vlissingen,https://voteflow.api.nos.nl/GR26/gemeente/G0718.json,200,2026-03-25T10:47:28.353Z,ec87525a56c047daefc1b1de23eb776c1344b0218f94c780c23842ab1817b01e,4127,
GM1892,G1892,Zuidplas,https://voteflow.api.nos.nl/GR26/gemeente/G1892.json,200,2026-03-25T10:47:42.389Z,e0144c8dae95a09ba9c3a5c6a0b980c8aaec5e2cafeeb2722fa27aca4e99282b,2965,
GM0518,G0518,s-Gravenhage,https://voteflow.api.nos.nl/GR26/gemeente/G0518.json,200,2026-03-25T10:48:00.000Z,570763e72624d415e6aa59d6f27c430bd2997d424ea8cce2b0ebfe796f03fc4e,5540,
GM0114,G0114,Emmen,https://voteflow.api.nos.nl/GR26/gemeente/G0114.json,200,2026-03-25T10:48:17.223Z,fd2cbce782383d0a7a89347731cc6387292b7bd88b9767293c73c3ac71f7714e,3840,
GM0339,G0339,Renswoude,https://voteflow.api.nos.nl/GR26/gemeente/G0339.json,200,2026-03-25T10:48:29.572Z,6cfa987ee18244e7595c40cc9578806cc654d15c14edc23ca60705eb8374a680,2026,
GM0473,G0473,Zandvoort,https://voteflow.api.nos.nl/GR26/gemeente/G0473.json,200,2026-03-25T10:48:42.023Z,a6d610fce49d4ff92be02c203e577c897665cbfb3c54257deb0ea6c8eb01d014,2748,
GM0772,G0772,Eindhoven,https://voteflow.api.nos.nl/GR26/gemeente/G0772.json,200,2026-03-25T10:48:57.454Z,701a1dec5dbe811645bb17d6a5ec2a27170e463a8576c7eb0b82f3b1f345ffe7,4829,
GM0626,G0626,Voorschoten,https://voteflow.api.nos.nl/GR26/gemeente/G0626.json,200,2026-03-25T10:49:12.791Z,d63101eb04013a49b8aa521ce29b9a663b37a646e195875c036f1dd1d652b22b,2262,
GM1708,G1708,Steenwijkerland,https://voteflow.api.nos.nl/GR26/gemeente/G1708.json,200,2026-03-25T10:49:29.395Z,df275026dd38b6bb90e2263d9335341208d8af2a2a2ed98dd5b5d78074d077af,3181,
GM0014,G0014,Groningen,https://voteflow.api.nos.nl/GR26/gemeente/G0014.json,200,2026-03-25T10:49:42.000Z,02bbf5d09d1ea749245e27a8504cc7dc4aa25371c5bc8dda447761edba6ecd7e,4337,
GM0153,G0153,Enschede,https://voteflow.api.nos.nl/GR26/gemeente/G0153.json,200,2026-03-25T10:49:59.990Z,875afac6776fa359ef04481be347fc62fd3856bf8f882fc4deadbd5ad38ee49b,4829,
GM0377,G0377,Bloemendaal,https://voteflow.api.nos.nl/GR26/gemeente/G0377.json,200,2026-03-25T10:50:17.441Z,76e58812f4f6c9b5b16186553a517d6ca2b85c543a15e6d5e4be1a5a8f063491,2744,
GM0308,G0308,Baarn,https://voteflow.api.nos.nl/GR26/gemeente/G0308.json,200,2026-03-25T10:50:31.175Z,28dbcdd444be642d81ce1d001bbfd33a66b6a423fc2f4d880e27a21dd3a9531a,2431,
GM0852,G0852,Waterland,https://voteflow.api.nos.nl/GR26/gemeente/G0852.json,200,2026-03-25T10:50:45.219Z,6c85a5520a54347bd2f2dd212ad7820aae88fd1c17cee79b8696aa7efe31487f,1792,
GM0293,G0293,Westervoort,https://voteflow.api.nos.nl/GR26/gemeente/G0293.json,200,2026-03-25T10:51:01.997Z,0d5628a87576c4ac2a70d151988f870cd4ae332bbcb130eab2b364a6e1b67477,1779,
GM1525,G1525,Teylingen,https://voteflow.api.nos.nl/GR26/gemeente/G1525.json,200,2026-03-25T10:51:16.522Z,95e8abd24342626e3778b323c9c4a9ee48253b5f636ec0e0868761ad7672e0be,2952,
GM0828,G0828,Oss,https://voteflow.api.nos.nl/GR26/gemeente/G0828.json,200,2026-03-25T10:51:32.516Z,7166873dde55b158d4bc9b275f02acdd0602297a36c7ef0e81c66ab8bb0da890,3232,
GM0331,G0331,Lopik,https://voteflow.api.nos.nl/GR26/gemeente/G0331.json,200,2026-03-25T10:51:44.948Z,eb78ac5f61caaeba5aa5517c5d25f2ffa3c8d385131f75469525997094434a29,2010,
GM0451,G0451,Uithoorn,https://voteflow.api.nos.nl/GR26/gemeente/G0451.json,200,2026-03-25T10:51:57.310Z,32458d6de32a77ba90904a1175d2361afdcefe6ad52de31e46f4ed217253843b,2043,
GM0274,G0274,Renkum,https://voteflow.api.nos.nl/GR26/gemeente/G0274.json,200,2026-03-25T10:52:11.744Z,aee8eacd9e49d3ce36c55b29121aa4145b1f889c31a80741ee19ce4da0683355,2487,
GM0758,G0758,Breda,https://voteflow.api.nos.nl/GR26/gemeente/G0758.json,200,2026-03-25T10:52:26.489Z,a46ec1a8d904f0a575d6c4e2e540fdb113baba9d15f56a1f5a08bb6bf3ffb3c9,3657,
GM0168,G0168,Losser,https://voteflow.api.nos.nl/GR26/gemeente/G0168.json,200,2026-03-25T10:52:39.862Z,2e8268e5241789aa9bad3650f11efe52227ff433368e6eb17eda753efa82ef05,1983,
GM1701,G1701,Westerveld,https://voteflow.api.nos.nl/GR26/gemeente/G1701.json,200,2026-03-25T10:52:57.611Z,8f099d129f20dc02f9f130b56ce1f77e805fdee93992a65b7dbbadf996e1461d,2072,
GM0050,G0050,Zeewolde,https://voteflow.api.nos.nl/GR26/gemeente/G0050.json,200,2026-03-25T10:53:11.154Z,f80b9d1e55dca4d6581b9a66bfcd62ebfdb34b96dd54bcbfe4bad37cab4039d5,2476,
GM0150,G0150,Deventer,https://voteflow.api.nos.nl/GR26/gemeente/G0150.json,200,2026-03-25T10:53:24.503Z,4080a033094ae72a74e56c07bff5d5b68f3a765b064ab65d8235c216515a5da0,3869,
GM0809,G0809,Loon op Zand,https://voteflow.api.nos.nl/GR26/gemeente/G0809.json,200,2026-03-25T10:53:42.338Z,9e2032e7c7e9ba66ac76ebff3faf3323764c95bc562af524145043da230cd210,2013,
GM0034,G0034,Almere,https://voteflow.api.nos.nl/GR26/gemeente/G0034.json,200,2026-03-25T10:53:56.780Z,03ce78f50927253d209d551732b8a4bc0d2391c49c5208237a60c1a9feee09e6,5241,
GM0312,G0312,Bunnik,https://voteflow.api.nos.nl/GR26/gemeente/G0312.json,200,2026-03-25T10:54:10.916Z,d7836ec1a99580928660cc811e66a54cc8ac6fc3faf4838a3297f24ef6e69648,1521,
GM0193,G0193,Zwolle,https://voteflow.api.nos.nl/GR26/gemeente/G0193.json,200,2026-03-25T10:54:27.595Z,b793bf86a6368bb442c024e41e1625aa979f7f7d85e4f862b05fce7a15df30b8,3405,
GM0798,G0798,Hilvarenbeek,https://voteflow.api.nos.nl/GR26/gemeente/G0798.json,200,2026-03-25T10:54:41.905Z,c9f94643e156a48b0028a950bbbc86fc52e3b38363ac31d0bc4a6c48846ba534,1313,
GM0677,G0677,Hulst,https://voteflow.api.nos.nl/GR26/gemeente/G0677.json,200,2026-03-25T10:54:54.467Z,e8fb076a104e97fa7e3b93468e0a00670209e389fa65367316ec81d34eeec8b2,2973,
GM0388,G0388,Enkhuizen,https://voteflow.api.nos.nl/GR26/gemeente/G0388.json,200,2026-03-25T10:55:08.142Z,c867dca867a69f39117f831670b85049a8d55a6cda9b37cde74668abefd1a7da,2982,
GM0622,G0622,Vlaardingen,https://voteflow.api.nos.nl/GR26/gemeente/G0622.json,200,2026-03-25T10:55:22.123Z,cbd4daf4cb76aac5dd02cbe391d0374e6838afecf2fda100cb2f93b6093292b7,3888,
GM1700,G1700,Twenterand,https://voteflow.api.nos.nl/GR26/gemeente/G1700.json,200,2026-03-25T10:55:38.539Z,7b0448492ef6fc1d629971535b5227793036c94925dd8fc588b8c05cb060d5a2,2537,
GM0668,G0668,West Maas en Waal,https://voteflow.api.nos.nl/GR26/gemeente/G0668.json,200,2026-03-25T10:55:51.609Z,1ea2ca5e8e654c1906c07b16d33b95e3713b60428fb0fa07f626e8dfd777ab8b,2480,
GM0353,G0353,IJsselstein,https://voteflow.api.nos.nl/GR26/gemeente/G0353.json,200,2026-03-25T10:56:04.416Z,b9a68ef6e00f8b764ecf8df6d09720276f5dcbe51e02321973d54aa993e0be14,1998,
GM0263,G0263,Maasdriel,https://voteflow.api.nos.nl/GR26/gemeente/G0263.json,200,2026-03-25T10:56:22.556Z,5f0ef24f9e283c6000f7a0416ed1291ea10cd13a41b48e8467be527a8756c583,2273,
GM0858,G0858,Valkenswaard,https://voteflow.api.nos.nl/GR26/gemeente/G0858.json,200,2026-03-25T10:56:39.575Z,7019cd12dbc3189be94f6c9ea388f4b06a805cd60c1fa843be2d12ba57ef3086,2733,
GM0158,G0158,Haaksbergen,https://voteflow.api.nos.nl/GR26/gemeente/G0158.json,200,2026-03-25T10:56:55.509Z,84902590d8b5420c97b78219fe4c495416c67ceca180766eb27927c1fe28e3f3,2048,
GM1884,G1884,Kaag en Braassem,https://voteflow.api.nos.nl/GR26/gemeente/G1884.json,200,2026-03-25T10:57:10.816Z,2152296cfd696f7d09af29e58b9730df23415554a181d2665fc2ccff2a0d6fb4,1999,
GM0303,G0303,Dronten,https://voteflow.api.nos.nl/GR26/gemeente/G0303.json,200,2026-03-25T10:57:25.183Z,126f72677445f24dfc55299204be5be5fe81e9ac0abf9dcb4ac7ba1b608d8414,2480,
GM0935,G0935,Maastricht,https://voteflow.api.nos.nl/GR26/gemeente/G0935.json,200,2026-03-25T10:57:37.530Z,dddd7d73480be965a21d0efaaa9e968553e4658aaf599d009981a8f86b20d13a,4813,
GM0765,G0765,Pekela,https://voteflow.api.nos.nl/GR26/gemeente/G0765.json,200,2026-03-25T10:57:52.229Z,c8bea1f57de366964765ee8f228ded6e17d044f2c614e4c41b216737c53d241a,2068,
GM0216,G0216,Culemborg,https://voteflow.api.nos.nl/GR26/gemeente/G0216.json,200,2026-03-25T10:58:05.538Z,70b4c02f6cd03a1a3a891ec1672987e84c5ba6f82c8728ceb86061e64795bfa1,2706,
GM0826,G0826,Oosterhout,https://voteflow.api.nos.nl/GR26/gemeente/G0826.json,200,2026-03-25T10:58:19.275Z,e1c1dddf340dc62d4edc0023c14872233aee7b088c7ab0fd7ceec97a8cdecfed,2511,
GM0233,G0233,Ermelo,https://voteflow.api.nos.nl/GR26/gemeente/G0233.json,200,2026-03-25T10:58:31.696Z,070371404a91d9bcbce2172096aa9a7b509573627f1fbdf0fc5b9191a4fde712,2512,
GM0109,G0109,Coevorden,https://voteflow.api.nos.nl/GR26/gemeente/G0109.json,200,2026-03-25T10:58:48.229Z,c1abd80df8ab6b63eeb7eab57b40dfdf7a9ee43633ada11eb29ba44ea602bcf3,2031,
GM0279,G0279,Scherpenzeel,https://voteflow.api.nos.nl/GR26/gemeente/G0279.json,200,2026-03-25T10:59:06.044Z,b9e5cb2d17a1a476b2ab6350614b9103f8a58d757afedd85d9c9bccb3446198f,2253,
GM0141,G0141,Almelo,https://voteflow.api.nos.nl/GR26/gemeente/G0141.json,200,2026-03-25T10:59:21.298Z,370d4bf38d508e600d85ea495eec577048338c51b260d75571c703a516fefc73,5009,
GM0794,G0794,Helmond,https://voteflow.api.nos.nl/GR26/gemeente/G0794.json,200,2026-03-25T10:59:38.371Z,0eaac8560c1564b6051ba01c1238b015f80566095927cea0e83c234ff6f21d3a,3861,
GM0678,G0678,Kapelle,https://voteflow.api.nos.nl/GR26/gemeente/G0678.json,200,2026-03-25T10:59:53.460Z,48b97a572d51a2cd85dae5597adb4895a1ebdacab8fc3860913cd10448ba6f03,2247,
GM0225,G0225,Druten,https://voteflow.api.nos.nl/GR26/gemeente/G0225.json,200,2026-03-25T11:00:10.256Z,65a6b485875cbbd0dbe8c4a1059e917055cded170577f5c6d12303c2b86f0e36,2322,
GM0984,G0984,Venray,https://voteflow.api.nos.nl/GR26/gemeente/G0984.json,200,2026-03-25T11:00:24.029Z,6bbb2c3c662ee3e6d6ac76cd9b2ada4ae3f6113a7ee5f909f99c032762b46209,2694,
GM1948,G1948,Meierijstad,https://voteflow.api.nos.nl/GR26/gemeente/G1948.json,200,2026-03-25T11:00:41.157Z,f22407a16d23a0c3cf200d225cd363368ecd2ce15d105739a826e34f760e282e,3182,
GM1719,G1719,Drimmelen,https://voteflow.api.nos.nl/GR26/gemeente/G1719.json,200,2026-03-25T11:00:57.355Z,8cbec05dd1d0b52263b6e8b8fe5f54e88ad4603d8b1b3a8e8315add06b422a88,2516,
GM0873,G0873,Woensdrecht,https://voteflow.api.nos.nl/GR26/gemeente/G0873.json,200,2026-03-25T11:01:11.805Z,e4bae109a65ca713b9de5e35552fccbc3d3d17261cb07d928b3c49997ac0b495,2281,
GM0202,G0202,Arnhem,https://voteflow.api.nos.nl/GR26/gemeente/G0202.json,200,2026-03-25T11:01:24.118Z,7b524f56cf90e213b6930197d9fb53cfca84971dc0a04039564e654f69752b0c,4336,
GM0717,G0717,Veere,https://voteflow.api.nos.nl/GR26/gemeente/G0717.json,200,2026-03-25T11:01:39.496Z,61c466675042ca68594e6da03fc37039e06f094252a6a9ceb432dbaf9ec61cba,2469,
GM0484,G0484,Alphen aan den Rijn,https://voteflow.api.nos.nl/GR26/gemeente/G0484.json,200,2026-03-25T11:01:54.165Z,7d184eb657f2d3f9092fa1395345f9b956ec63fcb7b769bcc0e03c7adad44523,3913,
GM0737,G0737,Tytsjerksteradiel,https://voteflow.api.nos.nl/GR26/gemeente/G0737.json,200,2026-03-25T11:02:08.834Z,39e7db5ee60642db61a42cb907e323f132df7bd288dbb95a4d567e33cae7a302,2489,
GM0610,G0610,Sliedrecht,https://voteflow.api.nos.nl/GR26/gemeente/G0610.json,200,2026-03-25T11:02:22.408Z,dfa259d335c1cfbea1e0512c522b42507b56995c58ee6b56969d82c95196dde6,2245,
GM1992,G1992,Voorne aan Zee,https://voteflow.api.nos.nl/GR26/gemeente/G1992.json,200,2026-03-25T11:02:36.827Z,bb36155e15765db6c22955c76da78f86d07e6084fd7f63a28da7a56731947f76,3907,
GM1931,G1931,Krimpenerwaard,https://voteflow.api.nos.nl/GR26/gemeente/G1931.json,200,2026-03-25T11:02:53.717Z,2f3cacaaa805ec56a5f5cb787aa39ab96f64344030cc1152d772fff4dda619d5,3236,
GM0748,G0748,Bergen op Zoom,https://voteflow.api.nos.nl/GR26/gemeente/G0748.json,200,2026-03-25T11:03:08.311Z,5e3844bb56f263cadf9edfc16f7bc076ceca90af9b3f7caad7b2d49dc9acd2a4,3870,
GM0957,G0957,Roermond,https://voteflow.api.nos.nl/GR26/gemeente/G0957.json,200,2026-03-25T11:03:23.041Z,59a93d3ae2b0045c572e4fd7936ec6ab2293c39d05cc1ea2272b5dad1703cd6d,2978,
GM0603,G0603,Rijswijk (ZH.),https://voteflow.api.nos.nl/GR26/gemeente/G0603.json,200,2026-03-25T11:03:36.276Z,7a4fb50e74d0dc8eef1e9b6a84029e14fa11c9915662b50741e5dbafebe7c13c,2937,
GM0213,G0213,Brummen,https://voteflow.api.nos.nl/GR26/gemeente/G0213.json,200,2026-03-25T11:03:53.864Z,72610014b024c764f74df944e9844a53cc877f7657da95d4aa4f9a74510e3f16,1987,
GM1969,G1969,Westerkwartier,https://voteflow.api.nos.nl/GR26/gemeente/G1969.json,200,2026-03-25T11:04:09.960Z,c2c0969f20ff19dc4b82e3c674fe1ad923cebd605fef71ea02b67b455d161e33,2742,
GM1509,G1509,Oude IJsselstreek,https://voteflow.api.nos.nl/GR26/gemeente/G1509.json,200,2026-03-25T11:04:26.988Z,bccadecf49120f58425e92aa8f0a0e89703d20edb479b5d94f4c589cd0491476,2724,
GM1695,G1695,Noord-Beveland,https://voteflow.api.nos.nl/GR26/gemeente/G1695.json,200,2026-03-25T11:04:44.962Z,520c2434cbe94b0a85dd962e496fabc45ee293f76f2d7f81ec4dfb44109e831a,2761,
GM0432,G0432,Opmeer,https://voteflow.api.nos.nl/GR26/gemeente/G0432.json,200,2026-03-25T11:05:02.373Z,24970882974034e1ea9c4f8d22652f4a1a1c3f50feecda7a0aca1354069736a9,2270,
GM1979,G1979,Eemsdelta,https://voteflow.api.nos.nl/GR26/gemeente/G1979.json,200,2026-03-25T11:05:15.679Z,b140480da3d0e7e20c5ac33bdc1ed1a6b2b51bb6aaec7eca980c7e25cfa3d5e9,3197,
GM0189,G0189,Wierden,https://voteflow.api.nos.nl/GR26/gemeente/G0189.json,200,2026-03-25T11:05:31.300Z,9d6fc926557a443e8c3e8faa24db2314b3b7b7e858e038e63a1343ee53642b19,2021,
GM0180,G0180,Staphorst,https://voteflow.api.nos.nl/GR26/gemeente/G0180.json,200,2026-03-25T11:05:48.509Z,04f0a11774d161f4c7d211b8a1934e374af783f8082cb93168ffa7eb169b5bd3,2071,
GM0995,G0995,Lelystad,https://voteflow.api.nos.nl/GR26/gemeente/G0995.json,200,2026-03-25T11:06:06.460Z,0aa890644d05e0ffb8fc95d9e51e813b3dbbda634e16f12d9077afb0d347f0ac,4328,
GM1774,G1774,Dinkelland,https://voteflow.api.nos.nl/GR26/gemeente/G1774.json,200,2026-03-25T11:06:23.085Z,e355626626be9109eceffd4cd4777d42268f47aff39db7e0498bacf544439c34,2025,
GM0888,G0888,Beek (L.),https://voteflow.api.nos.nl/GR26/gemeente/G0888.json,200,2026-03-25T11:06:38.620Z,3fce18aa6168b26139172303837a8ac1fb8a99c4d370eeb313d40c10ed9fdf8a,2006,
GM1783,G1783,Westland,https://voteflow.api.nos.nl/GR26/gemeente/G1783.json,200,2026-03-25T11:06:52.602Z,a0e8218f22e6c955bb38e29ca9d8be7bfeb54773deecb879eac812d209ff99ad,2953,
GM0642,G0642,Zwijndrecht,https://voteflow.api.nos.nl/GR26/gemeente/G0642.json,200,2026-03-25T11:07:06.261Z,f1587fd251768ed9f33b530d5465f8342e5a0906d0384801a8ce7bb6352f55cb,2515,
GM0200,G0200,Apeldoorn,https://voteflow.api.nos.nl/GR26/gemeente/G0200.json,200,2026-03-25T11:07:23.062Z,191d2284296c83acd75b480c9f446b32cad53a69a595bb46d1e48d5ba0c37e47,4354,
GM1667,G1667,Reusel-De Mierden,https://voteflow.api.nos.nl/GR26/gemeente/G1667.json,200,2026-03-25T11:07:36.993Z,7c9b8a42bba13c06e5cc3025ba6adfb86cdc95b59fb8fbb87f5e5fd8875e3677,2018,
GM0396,G0396,Heemskerk,https://voteflow.api.nos.nl/GR26/gemeente/G0396.json,200,2026-03-25T11:07:49.841Z,b6cf35522e42b12f2a1042cb6822b96774777fb413c30dd39a633cbfac8a39f6,2501,
GM0273,G0273,Putten,https://voteflow.api.nos.nl/GR26/gemeente/G0273.json,200,2026-03-25T11:08:04.913Z,ad0bba19e4af1d91a78a5b882421abe10a7b30d2b77e6a59a050b6caa3b57872,2276,
GM0637,G0637,Zoetermeer,https://voteflow.api.nos.nl/GR26/gemeente/G0637.json,200,2026-03-25T11:08:19.657Z,2c9b8cbb5090a7505c1e81454cab406ad202754b8de35ebc91e0dfaed0917433,3878,
GM1955,G1955,Montferland,https://voteflow.api.nos.nl/GR26/gemeente/G1955.json,200,2026-03-25T11:08:36.450Z,d96913176b6de8dc71cae34ae4637b8d9bd7c1b73c42fdeb810ed6ecc3094a8c,2715,
GM0744,G0744,Baarle-Nassau,https://voteflow.api.nos.nl/GR26/gemeente/G0744.json,200,2026-03-25T11:08:54.075Z,8424f817f488f0b22e50d8318fff8882ac81d5999e689768db5667c92d88f01a,1538,
GM0080,G0080,Leeuwarden,https://voteflow.api.nos.nl/GR26/gemeente/G0080.json,200,2026-03-25T11:09:08.398Z,ec565b281985e03f886b409a8aafe15b38186c513167c3cca42c8fb8c6529ea7,4031,
GM0638,G0638,Zoeterwoude,https://voteflow.api.nos.nl/GR26/gemeente/G0638.json,200,2026-03-25T11:09:24.014Z,394080cae0b0647ce5f295e4e6b0b78a7e1b8905a1a1810214bd8e74fbd65e35,2043,
GM0569,G0569,Nieuwkoop,https://voteflow.api.nos.nl/GR26/gemeente/G0569.json,200,2026-03-25T11:09:40.934Z,f5a1e8f8fd3077c2d4a0fdee56d2a47789033c9de77100140121ad686f332611,2005,
GM0226,G0226,Duiven,https://voteflow.api.nos.nl/GR26/gemeente/G0226.json,200,2026-03-25T11:09:53.582Z,20cddd0fe4cc84933bb2af045d5695bf4d88a8b39ad3f35f9059ea4177c4ad5b,2454,
GM0356,G0356,Nieuwegein,https://voteflow.api.nos.nl/GR26/gemeente/G0356.json,200,2026-03-25T11:10:06.467Z,c419121dc1592dbadbaac8db3cc4225ca7a022850c157145f7e673bafc302d59,3188,
GM1621,G1621,Lansingerland,https://voteflow.api.nos.nl/GR26/gemeente/G1621.json,200,2026-03-25T11:10:19.300Z,945effc9d3c65b3fd64f0e8dfd9378c626f431e2354fa609a4c27c4875e743fd,2463,
GM0171,G0171,Noordoostpolder,https://voteflow.api.nos.nl/GR26/gemeente/G0171.json,200,2026-03-25T11:10:32.464Z,3565ac04ecdf9a9c0e5bff2a4dcbfe593cfdeb8dcd1e828715acf8a7ecfced02,2739,
GM0855,G0855,Tilburg,https://voteflow.api.nos.nl/GR26/gemeente/G0855.json,200,2026-03-25T11:10:48.543Z,0dbefedb258cfb5eb2c8d46ab30c50d6ffdc551da7c2a8dafcb4a99b0509095d,4301,
GM0523,G0523,Hardinxveld-Giessendam,https://voteflow.api.nos.nl/GR26/gemeente/G0523.json,200,2026-03-25T11:11:06.140Z,6765ad690301f770a7b8911bda3fab3ff9d9690cf36b37637878b639f0b025ba,2066,
GM1734,G1734,Overbetuwe,https://voteflow.api.nos.nl/GR26/gemeente/G1734.json,200,2026-03-25T11:11:19.368Z,586b23c1cf4798e7e3643ccb3dec271357b4505ded73c82d979e379540217209,2724,
GM0762,G0762,Deurne,https://voteflow.api.nos.nl/GR26/gemeente/G0762.json,200,2026-03-25T11:11:36.277Z,0c1596d00789aaa2e8d7fe908299162ea87f7a6e8c2e78efd128e287a4d1f505,2476,
GM0385,G0385,Edam-Volendam,https://voteflow.api.nos.nl/GR26/gemeente/G0385.json,200,2026-03-25T11:11:52.820Z,272dfdc0348da2b2f58966da7ab2097675fd3e230a7189ccb17a7f98b20dec44,3388,
GM0384,G0384,Diemen,https://voteflow.api.nos.nl/GR26/gemeente/G0384.json,200,2026-03-25T11:12:09.997Z,6c2ad0112e6f758f54d2df5738420a22b34db7d3ec26fdfc9ccc0bbf186bed5c,2035,
GM0301,G0301,Zutphen,https://voteflow.api.nos.nl/GR26/gemeente/G0301.json,200,2026-03-25T11:12:24.711Z,d1e681d1d23148304f1bc7995c0b0d14c7a996a36b2cc671efe94f2469ca3108,3646,
GM1728,G1728,Bladel,https://voteflow.api.nos.nl/GR26/gemeente/G1728.json,200,2026-03-25T11:12:40.356Z,6fcee684ac9c9fe42d3efa4dca0cc85b2752c5896084d0cd212b27e1e3d1404e,1984,
GM0267,G0267,Nijkerk,https://voteflow.api.nos.nl/GR26/gemeente/G0267.json,200,2026-03-25T11:12:57.056Z,78656948f321947ae7b4f2f70cc90e94ac5c41b45d3f98558f2bfbf40abbcdf3,2240,
GM0531,G0531,Hendrik-Ido-Ambacht,https://voteflow.api.nos.nl/GR26/gemeente/G0531.json,200,2026-03-25T11:13:11.188Z,af4ad115f307348d18b4589d42880e762460de8a6db06bc5c94f48638bb2f9f8,2746,
GM0824,G0824,Oisterwijk,https://voteflow.api.nos.nl/GR26/gemeente/G0824.json,200,2026-03-25T11:13:27.760Z,05ec8bc6e71428444636b82316c72e1213fd42202fdb6f6ff82e590f6d4272e3,2732,
GM0796,G0796,s-Hertogenbosch,https://voteflow.api.nos.nl/GR26/gemeente/G0796.json,200,2026-03-25T11:13:42.691Z,f8a3bc92de615cf02efb436837da409bb5b0f50ef1aabf5ba83a1e279d45268e,4869,
GM0498,G0498,Drechterland,https://voteflow.api.nos.nl/GR26/gemeente/G0498.json,200,2026-03-25T11:13:55.568Z,de28dbc0c99a264d5ee2f248974ddbc186b5a0b0329bee4ee30e85c8ed61559c,1821,
GM0502,G0502,Capelle aan den IJssel,https://voteflow.api.nos.nl/GR26/gemeente/G0502.json,200,2026-03-25T11:14:12.581Z,d9dbb350e181bf681aca2ae626decd64c317c2001a58c1f21234bfe687db7855,3225,
GM0917,G0917,Heerlen,https://voteflow.api.nos.nl/GR26/gemeente/G0917.json,200,2026-03-25T11:14:25.120Z,6e6c24748b985cb3ed8f59b566cac5e078caaabfdbfa869a27723ab23dcf4396,3928,
GM0363,G0363,Amsterdam,https://voteflow.api.nos.nl/GR26/gemeente/G0363.json,200,2026-03-25T11:14:38.681Z,859cfeb88c8cd9601b3262110fd3a6dee760e81b2d1af7fe42dc91aec7167d30,8934,
GM1959,G1959,Altena,https://voteflow.api.nos.nl/GR26/gemeente/G1959.json,200,2026-03-25T11:14:54.966Z,512bd69f3adbeffa964b63956ef7b192759d1e9cc687a6cbb461835afbeb9e6b,2740,
GM0715,G0715,Terneuzen,https://voteflow.api.nos.nl/GR26/gemeente/G0715.json,200,2026-03-25T11:15:07.839Z,6bdb75b73ab2a3dc19114c75253d3ecb255548949919fab685d2bc7add8e8f9f,4367,
GM1705,G1705,Lingewaard,https://voteflow.api.nos.nl/GR26/gemeente/G1705.json,200,2026-03-25T11:15:24.844Z,830142cd27bf66f2c3064a8f3ce821b4ebc90721561a1372ab1ce9cc36d69728,2976,
GM0736,G0736,De Ronde Venen,https://voteflow.api.nos.nl/GR26/gemeente/G0736.json,200,2026-03-25T11:15:42.071Z,788398739c8a336106d1d77a38ba3460418597197fa1bd19b095888f3407af1f,2955,
GM0851,G0851,Steenbergen,https://voteflow.api.nos.nl/GR26/gemeente/G0851.json,200,2026-03-25T11:15:58.860Z,3ff7fe0eb28a40383adff34889d6ed1809cd9c99d023721b319aea793a43f8cb,3124,
GM0262,G0262,Lochem,https://voteflow.api.nos.nl/GR26/gemeente/G0262.json,200,2026-03-25T11:16:12.387Z,faffcda34e942a3c6b4dce63a1a7fc458cf0811b1d92352c9a0d42c9fd32a0e6,2499,
GM1978,G1978,Molenlanden,https://voteflow.api.nos.nl/GR26/gemeente/G1978.json,200,2026-03-25T11:16:30.365Z,876467fc34729a6457dbf21698f9553605f1d6cee0fc5ece7ab500ab2ae9b2d5,2280,
GM0489,G0489,Barendrecht,https://voteflow.api.nos.nl/GR26/gemeente/G0489.json,200,2026-03-25T11:16:43.708Z,f552ccb8e4108f28c0da49e697610a7743a31260d7ef3336af0c286fed248c62,2735,
GM1586,G1586,Oost Gelre,https://voteflow.api.nos.nl/GR26/gemeente/G1586.json,200,2026-03-25T11:16:59.863Z,da4d240135ea4a0327928afa0ab87ab9046ff215b3e5cc1f9c334bef7cfa71d6,2508,
GM1924,G1924,Goeree-Overflakkee,https://voteflow.api.nos.nl/GR26/gemeente/G1924.json,200,2026-03-25T11:17:16.042Z,752897093e82c47aae8a58b7808e6c971925567c35392d613ba0a639606043f8,2960,
GM0405,G0405,Hoorn,https://voteflow.api.nos.nl/GR26/gemeente/G0405.json,200,2026-03-25T11:17:31.875Z,dbefffb395a5f7ac2c46df7096c596d2cdda1d590a4bd129ebe7bd43b30738d7,4352,
GM0556,G0556,Maassluis,https://voteflow.api.nos.nl/GR26/gemeente/G0556.json,200,2026-03-25T11:17:47.786Z,03bceac0f22e907188ce89139080443ab23127c89630317aefc6f237de490eaa,2484,
GM0394,G0394,Haarlemmermeer,https://voteflow.api.nos.nl/GR26/gemeente/G0394.json,200,2026-03-25T11:18:05.553Z,4a37fc13dac7dd29d803c297124b72dec9f664a2cce2110d5564f1a545483e49,4572,
GM1904,G1904,Stichtse Vecht,https://voteflow.api.nos.nl/GR26/gemeente/G1904.json,200,2026-03-25T11:18:21.332Z,a545fa8aabf6c8406db4c3dfd46f82e4e08df660f6325e8caa11306b5b8812a8,3195,
GM1949,G1949,Waadhoeke,https://voteflow.api.nos.nl/GR26/gemeente/G1949.json,200,2026-03-25T11:18:38.363Z,83becc5f65e71b8271c1608e16acbc8de55ef85ece005bca64b0f84f6f525ee2,2195,
GM0160,G0160,Hardenberg,https://voteflow.api.nos.nl/GR26/gemeente/G0160.json,200,2026-03-25T11:18:51.592Z,90bbbdd648a256944bd48968d37ef4ab739f970b95f952b9c521bf2aa7d6ee4a,3411,
GM0148,G0148,Dalfsen,https://voteflow.api.nos.nl/GR26/gemeente/G0148.json,200,2026-03-25T11:19:04.052Z,3f006cc9e4f3feb0ad88d26aea8c606346851690294139cb38b82f73ae1f7073,2238,
GM1896,G1896,Zwartewaterland,https://voteflow.api.nos.nl/GR26/gemeente/G1896.json,200,2026-03-25T11:19:20.204Z,098449621d5107db4ebfc839c7df696eacd4998c96f81f573501a927e24c9d2c,2054,
GM0294,G0294,Winterswijk,https://voteflow.api.nos.nl/GR26/gemeente/G0294.json,200,2026-03-25T11:19:35.120Z,701ace8517f1e5e1cabfa05d999eeb07db629832b3cd6358782e202470622629,2926,
GM0654,G0654,Borsele,https://voteflow.api.nos.nl/GR26/gemeente/G0654.json,200,2026-03-25T11:19:50.975Z,aa7350072e435d86ed4966e9eecd0e83268b320dd88ab87a13e86c9a3f02ab36,2249,
GM0632,G0632,Woerden,https://voteflow.api.nos.nl/GR26/gemeente/G0632.json,200,2026-03-25T11:20:03.173Z,f1e174cef844876b1e998d8569916314dbc1344dc8b921ae895442f1d1d104fb,2939,
GM0597,G0597,Ridderkerk,https://voteflow.api.nos.nl/GR26/gemeente/G0597.json,200,2026-03-25T11:20:16.192Z,2456136375ec5cd6f72895b470cefa3c59659b3880c572cb131d34235c0a933c,3192,
GM1581,G1581,Utrechtse Heuvelrug,https://voteflow.api.nos.nl/GR26/gemeente/G1581.json,200,2026-03-25T11:20:32.221Z,5fdc7337990920d745f6b18971bb13b7f79ccac3320a24768712f829f5cdd2b9,2500,
GM0777,G0777,Etten-Leur,https://voteflow.api.nos.nl/GR26/gemeente/G0777.json,200,2026-03-25T11:20:49.304Z,86e385b18a02f7861429cb03b1d14a4b514acbd324db94ce4b616bbcb5269cc7,2457,
GM0232,G0232,Epe,https://voteflow.api.nos.nl/GR26/gemeente/G0232.json,200,2026-03-25T11:21:03.214Z,f55a9d49cb9b41fc9cfa16b72d56f3e1544589ba6c01639a79c1ce99b0633451,2706,
GM0861,G0861,Veldhoven,https://voteflow.api.nos.nl/GR26/gemeente/G0861.json,200,2026-03-25T11:21:18.465Z,37b7043071ec331690f69fe1af4c8ff441b067c9077521302b421c943be665a4,2507,
GM0743,G0743,Asten,https://voteflow.api.nos.nl/GR26/gemeente/G0743.json,200,2026-03-25T11:21:32.249Z,505c920f7e68ab09345f67318d5b68f43b3b2160332969665abb3def84e980db,1756,
GM0983,G0983,Venlo,https://voteflow.api.nos.nl/GR26/gemeente/G0983.json,200,2026-03-25T11:21:47.067Z,132f4d3a49fdc8f8eaf7790bacf067eaf63df82a6d069142492a5efcb0170fb4,3662,
GM1674,G1674,Roosendaal,https://voteflow.api.nos.nl/GR26/gemeente/G1674.json,200,2026-03-25T11:22:03.829Z,92b0f279e9adc62ed2b085196cdf642485f3c20e0e5104eb9a3a8ad5cae17088,3646,
GM0173,G0173,Oldenzaal,https://voteflow.api.nos.nl/GR26/gemeente/G0173.json,200,2026-03-25T11:22:16.159Z,372c0360db11032e23f839843e6febbfbadf9354b9fb708f19e3fbef2135978e,2221,
GM0848,G0848,Son en Breugel,https://voteflow.api.nos.nl/GR26/gemeente/G0848.json,200,2026-03-25T11:22:33.281Z,7a026352b509568731a56bea6b0c9fc04f311a8b474380ecb83c66000b37fed5,2256,
GM0296,G0296,Wijchen,https://voteflow.api.nos.nl/GR26/gemeente/G0296.json,200,2026-03-25T11:22:50.043Z,9c1a88d73546c0a2c23567db35369533758edb09ffd45cd86a46c3a8714ef09a,2480,
GM1723,G1723,Alphen-Chaam,https://voteflow.api.nos.nl/GR26/gemeente/G1723.json,200,2026-03-25T11:23:05.301Z,3b075e485887b15cfea47ebb38d9ef62e28b241418ac91369157f876b623af0c,1985,
GM0779,G0779,Geertruidenberg,https://voteflow.api.nos.nl/GR26/gemeente/G0779.json,200,2026-03-25T11:23:19.909Z,aa1435fd7fef2d81233c4686ac34f7f88364285b9fe12877f39667756be3703a,2254,
GM1669,G1669,Roerdalen,https://voteflow.api.nos.nl/GR26/gemeente/G1669.json,200,2026-03-25T11:23:34.191Z,d949b3f3747f44eef02cb57c0bc1cfd163a34cb384de2d2db10e8ebd6dbe51df,2049,
GM0289,G0289,Wageningen,https://voteflow.api.nos.nl/GR26/gemeente/G0289.json,200,2026-03-25T11:23:47.099Z,ad8dae9683d931a402364b02683bbbc47da25cf1bb1098d3595cbc3e28f50010,2476,
GM0281,G0281,Tiel,https://voteflow.api.nos.nl/GR26/gemeente/G0281.json,200,2026-03-25T11:24:04.335Z,e3f45972fd3bad3c3b4d9d3ee6853d28a5d48a045e671168003d1a511be0c2da,2711,
GM0889,G0889,Beesel,https://voteflow.api.nos.nl/GR26/gemeente/G0889.json,200,2026-03-25T11:24:17.226Z,3a87b4595112d9be97630df0d0732f3b1eda7d5cc5ff1dedca6305167e776274,1543,
GM0355,G0355,Zeist,https://voteflow.api.nos.nl/GR26/gemeente/G0355.json,200,2026-03-25T11:24:33.147Z,00ab8bfa411bb55d581f34b61bae80293b25ce10a9d4cbd47259e9d7ec1f43e8,3173,
GM0542,G0542,Krimpen aan den IJssel,https://voteflow.api.nos.nl/GR26/gemeente/G0542.json,200,2026-03-25T11:24:46.789Z,afc0666a6e042e120ac004bd188c65108760926021a7e0f0b07e0fba48a56a3a,2530,
GM0222,G0222,Doetinchem,https://voteflow.api.nos.nl/GR26/gemeente/G0222.json,200,2026-03-25T11:24:59.020Z,e4f62ed4ffcf784d90bd7f7b76a5f6a6d7edc3c30d08262a34ee1270af06ffaa,3424,
GM1859,G1859,Berkelland,https://voteflow.api.nos.nl/GR26/gemeente/G1859.json,200,2026-03-25T11:25:12.674Z,091e281deb4483b37369e5898c083b24e90f1ff81982439871572af86e62067a,2263,
GM0214,G0214,Buren,https://voteflow.api.nos.nl/GR26/gemeente/G0214.json,200,2026-03-25T11:25:29.556Z,a86291eade58ee0705103bcbb1f54fb591bc9c830900acb073f2f631db147629,2720,
GM1942,G1942,Gooise Meren,https://voteflow.api.nos.nl/GR26/gemeente/G1942.json,200,2026-03-25T11:25:46.840Z,3b206bf2b219f1e2391fd879a4dcc69079032d3fec5a79a7ba0ca23ea9bd3a42,2775,
GM0479,G0479,Zaanstad,https://voteflow.api.nos.nl/GR26/gemeente/G0479.json,200,2026-03-25T11:26:00.393Z,b99f2f19eac11ebacefc1467e5cbe9fa0dab5a8d9a9e6193900bc3a75d470e87,3894,
GM0537,G0537,Katwijk,https://voteflow.api.nos.nl/GR26/gemeente/G0537.json,200,2026-03-25T11:26:13.195Z,a9f82ea246329267448845afea5540e573ab03dd336c6410cea02ce08763b86e,3164,
GM1876,G1876,Bronckhorst,https://voteflow.api.nos.nl/GR26/gemeente/G1876.json,200,2026-03-25T11:26:27.637Z,bf54cd02bc59b5c898cfd1a7e200df84bdd3773d2da9cde0f2c642c770e93d85,2481,
GM0209,G0209,Beuningen,https://voteflow.api.nos.nl/GR26/gemeente/G0209.json,200,2026-03-25T11:26:41.120Z,5b3d0b8c80119b1e7774be39426605a5e9a75e8fa73ca1a179d31cdf02fb3f81,2255,
GM1991,G1991,Maashorst,https://voteflow.api.nos.nl/GR26/gemeente/G1991.json,200,2026-03-25T11:26:56.321Z,20e68e1a1b6bcacb5836e395f886c184ea4f8db269021f10796f4d1556690e51,2963,
GM1960,G1960,West Betuwe,https://voteflow.api.nos.nl/GR26/gemeente/G1960.json,200,2026-03-25T11:27:09.902Z,9cb46d23a552cb8eaacc119069d7e0470c688566e15a7428e8191e2bc1b9615e,2980,
GM0664,G0664,Goes,https://voteflow.api.nos.nl/GR26/gemeente/G0664.json,200,2026-03-25T11:27:22.347Z,b9f224b7c8f37753ed1e3bb23d6f411e8004b8f34a347db3b704b50f87568c73,2477,
GM0307,G0307,Amersfoort,https://voteflow.api.nos.nl/GR26/gemeente/G0307.json,200,2026-03-25T11:27:39.600Z,25ba0d5fd431a5ee39bc7430380e7e203cabf6609a9edee63f765ab087658ac2,5020,
GM0375,G0375,Beverwijk,https://voteflow.api.nos.nl/GR26/gemeente/G0375.json,200,2026-03-25T11:27:54.406Z,c3217a623e6b0c231f21b29525a0c8c301b5a9556201f5aed54de0545807d87f,3398,
GM0118,G0118,Hoogeveen,https://voteflow.api.nos.nl/GR26/gemeente/G0118.json,200,2026-03-25T11:28:09.443Z,d85432ea7baa86782c036b51016c9afbac2cf461343813b34514ba0eda4397e4,2746,
GM1773,G1773,Olst-Wijhe,https://voteflow.api.nos.nl/GR26/gemeente/G1773.json,200,2026-03-25T11:28:22.824Z,0eab88c52bdee4930c81fc07ad6135363e3132492fb807bca7f7a2052a223444,1834,
GM1980,G1980,Dijk en Waard,https://voteflow.api.nos.nl/GR26/gemeente/G1980.json,200,2026-03-25T11:28:36.325Z,5a912dd9c717994ccd4f737c860958ec878c8b494baed8654fe4c94693c533fa,3680,
GM0840,G0840,Rucphen,https://voteflow.api.nos.nl/GR26/gemeente/G0840.json,200,2026-03-25T11:28:48.730Z,1dbd0c0037e51e536771daaf47098d46247e661384e992c991c2302b8e5906dc,2278,
GM0420,G0420,Medemblik,https://voteflow.api.nos.nl/GR26/gemeente/G0420.json,200,2026-03-25T11:29:04.489Z,a5f1b04d07a5cc2a655d8b75e87aed3f22850ee63c7acbd28b0614ca0af5fbed,2490,
GM0437,G0437,Ouder-Amstel,https://voteflow.api.nos.nl/GR26/gemeente/G0437.json,200,2026-03-25T11:29:18.913Z,a73371ef025da5852a85fde80c8b8000f3ea533d600dd48d25e0adeafd2f875b,2246,
GM1930,G1930,Nissewaard,https://voteflow.api.nos.nl/GR26/gemeente/G1930.json,200,2026-03-25T11:29:34.116Z,5e231b6ca4715221cef58281fb46b49df394fd8d8c7894631c934adbc4ce97c6,4116,
GM1901,G1901,Bodegraven-Reeuwijk,https://voteflow.api.nos.nl/GR26/gemeente/G1901.json,200,2026-03-25T11:29:51.177Z,b4ea43500825913c1464686d76dcbfe9db264bf3dd92aaaf78e77056b9f7aaee,2790,
GM0703,G0703,Reimerswaal,https://voteflow.api.nos.nl/GR26/gemeente/G0703.json,200,2026-03-25T11:30:05.123Z,06f91f906860b9cc96753e5de2aa7e2194673f9c5f5aec6d263995518fe2cfc7,2045,
GM0716,G0716,Tholen,https://voteflow.api.nos.nl/GR26/gemeente/G0716.json,200,2026-03-25T11:30:22.917Z,58090f59b8e68a3027c465ad13fffee7cbe3f6abd7fc118702c6a94b37f6488d,2936,
GM0244,G0244,Hattem,https://voteflow.api.nos.nl/GR26/gemeente/G0244.json,200,2026-03-25T11:30:37.324Z,a7e1da8d2c1757922f596818d2a1033556b654cc5c4331a8d765e40ce52d4c8f,2230,
GM0770,G0770,Eersel,https://voteflow.api.nos.nl/GR26/gemeente/G0770.json,200,2026-03-25T11:30:53.133Z,93121c8548820d7ff8296aee8e155da0e70fb2f21db82e3b39aa06dc047bd6b7,2047,
GM0482,G0482,Alblasserdam,https://voteflow.api.nos.nl/GR26/gemeente/G0482.json,200,2026-03-25T11:31:09.404Z,12a6931c12b9c176e23588b12f958c2116f5d798dc295ac13e1d498cfc228a31,2036,
GM0981,G0981,Vaals,https://voteflow.api.nos.nl/GR26/gemeente/G0981.json,200,2026-03-25T11:31:23.043Z,5493923b64fb062bfc95bea047fc8cbea28eeb6a8de5129d195150cefb0e4cc3,2480,
GM0847,G0847,Someren,https://voteflow.api.nos.nl/GR26/gemeente/G0847.json,200,2026-03-25T11:31:40.493Z,e9f7b150e8cdc768e0ba835d903b9302917989d433d231ec588d8e1a3b358bfd,2252,
GM0335,G0335,Montfoort,https://voteflow.api.nos.nl/GR26/gemeente/G0335.json,200,2026-03-25T11:31:57.031Z,ecbb918445460a921b005f4f327f64893745d64b2bf6adff41197d666a539dcf,2493,
GM0971,G0971,Stein (L.),https://voteflow.api.nos.nl/GR26/gemeente/G0971.json,200,2026-03-25T11:32:14.284Z,47e6b6f3fd25830afb414928070a8265acbc6f737711793802c4c014265ea44c,2083,
GM1970,G1970,Noardeast-Fryslân,https://voteflow.api.nos.nl/GR26/gemeente/G1970.json,200,2026-03-25T11:32:29.436Z,6126520c3628d91d4e6c0ace9b94f33e004a2944a7014bbeec1f477e253b9612,3184,
GM1724,G1724,Bergeijk,https://voteflow.api.nos.nl/GR26/gemeente/G1724.json,200,2026-03-25T11:32:45.599Z,d659f19a972ae6c0d601062d50a6c199c091ccef2dd04a5b44f58ab18062e8ee,1578,
GM1891,G1891,Dantumadiel,https://voteflow.api.nos.nl/GR26/gemeente/G1891.json,200,2026-03-25T11:33:00.146Z,cac90e67d8b56f57477cc047d0da307301631867ef5a2db7c11807bbff40d123,2481,
GM0431,G0431,Oostzaan,https://voteflow.api.nos.nl/GR26/gemeente/G0431.json,200,2026-03-25T11:33:16.134Z,bf0af3b132273ab331d666cd4fb2ad8ebbef63f81b2817535209bbfe46b452c7,1755,
GM0627,G0627,Waddinxveen,https://voteflow.api.nos.nl/GR26/gemeente/G0627.json,200,2026-03-25T11:33:29.176Z,98ba142aafff0fbd600cb52a57d3fe364ff735840897050903c367ddfbfff427,2037,
GM1842,G1842,Midden-Delfland,https://voteflow.api.nos.nl/GR26/gemeente/G1842.json,200,2026-03-25T11:33:42.983Z,ebb3b0aad64847679d6522cd8975008e10fda4e2b1c9853618f96f3d4eff9232,2231,
GM0246,G0246,Heerde,https://voteflow.api.nos.nl/GR26/gemeente/G0246.json,200,2026-03-25T11:34:00.901Z,ec027e6aedbfae5f1df5f31a5619669e378139e79a2a1ef10a0fba55bc3d0c37,2270,
GM0342,G0342,Soest,https://voteflow.api.nos.nl/GR26/gemeente/G0342.json,200,2026-03-25T11:34:18.315Z,df644d13f8b97c381f7238b44e567419acc45907e4264800e3c24bf5911aa21b,3602,
GM0340,G0340,Rhenen,https://voteflow.api.nos.nl/GR26/gemeente/G0340.json,200,2026-03-25T11:34:32.499Z,07b173c81d3bb629d5185a4cfaa7a970d983f9d12f495747090391b10c031871,2962,
GM0310,G0310,De Bilt,https://voteflow.api.nos.nl/GR26/gemeente/G0310.json,200,2026-03-25T11:34:45.870Z,4744e15859bed1889b21da0c7b6de3694ee256a52f58cd6fc4deb5f97e8a1a5a,3155,
GM0606,G0606,Schiedam,https://voteflow.api.nos.nl/GR26/gemeente/G0606.json,200,2026-03-25T11:35:00.387Z,d9e755d745287a16b69c56826c067e9ba189c07197a4bf524b0e6172d46bdd22,3648,
GM0072,G0072,Harlingen,https://voteflow.api.nos.nl/GR26/gemeente/G0072.json,200,2026-03-25T11:35:12.938Z,aa1115048017e71c5bfb9526afacd68e154e949facda0b721f48136210d6533d,2694,
GM0147,G0147,Borne,https://voteflow.api.nos.nl/GR26/gemeente/G0147.json,200,2026-03-25T11:35:25.237Z,47cab3c3773bab19f92495f2bbef00831602170d152c3e7f7d539a8899d2336e,2231,
GM0345,G0345,Veenendaal,https://voteflow.api.nos.nl/GR26/gemeente/G0345.json,200,2026-03-25T11:35:39.540Z,d7e4051d0b5c560f8f056f07d371b1a674a46920f4595f87f3e7cb94bb152651,2971,
GM0228,G0228,Ede,https://voteflow.api.nos.nl/GR26/gemeente/G0228.json,200,2026-03-25T11:35:53.728Z,105ac2a087aa324ad644c90c9fcc3b51c8e4ca39ea1e698b00cfe45b4d4ee8de,4352,
GM0059,G0059,Achtkarspelen,https://voteflow.api.nos.nl/GR26/gemeente/G0059.json,200,2026-03-25T11:36:08.718Z,1a59c1ca4a473c7334d9d3726ebf80bf04556341ff7540cbcff014890c2d3996,2927,
GM0753,G0753,Best,https://voteflow.api.nos.nl/GR26/gemeente/G0753.json,200,2026-03-25T11:36:22.546Z,a533ee6b201e17a3980f09ca9385d63b91f60e029460271f4f5ddb551f440060,2724,
GM0589,G0589,Oudewater,https://voteflow.api.nos.nl/GR26/gemeente/G0589.json,200,2026-03-25T11:36:39.398Z,6608f2889cde92fff4e1c63a753680775f51c871ba9faf55ec507d32270c42c9,1774,
GM1735,G1735,Hof van Twente,https://voteflow.api.nos.nl/GR26/gemeente/G1735.json,200,2026-03-25T11:36:52.001Z,ec233c6287b323fd701c457af0f88eb76f3c267aae6020f343429ab447b33a57,2476,
GM0687,G0687,Middelburg (Z.),https://voteflow.api.nos.nl/GR26/gemeente/G0687.json,200,2026-03-25T11:37:05.624Z,0f3f7ff1c1cbcb893e5da8f50e9981b5b2f3a60abaf6ec19f945da28bf30e5c5,3450,
GM0183,G0183,Tubbergen,https://voteflow.api.nos.nl/GR26/gemeente/G0183.json,200,2026-03-25T11:37:22.748Z,194e00363f4d2316c5c8d8d9e3103d7211208c262b90b096cffc4286b4b88919,1831,
GM0297,G0297,Zaltbommel,https://voteflow.api.nos.nl/GR26/gemeente/G0297.json,200,2026-03-25T11:37:36.304Z,3d24986323248b02c6b3d72738d4ce307a8eb34f167ad78579783654f1de6705,2737,
GM0184,G0184,Urk,https://voteflow.api.nos.nl/GR26/gemeente/G0184.json,200,2026-03-25T11:37:50.175Z,64f91ecd0e4f77e6e75ff82af0bbb43a721d4e4f4d491b92289e7b2b394b4cf1,2730,
GM0575,G0575,Noordwijk,https://voteflow.api.nos.nl/GR26/gemeente/G0575.json,200,2026-03-25T11:38:04.136Z,a42052132dc14bc8d14332f483d2d977cdda14194f747db8b5ea2952240cfc0e,3391,
GM0503,G0503,Delft,https://voteflow.api.nos.nl/GR26/gemeente/G0503.json,200,2026-03-25T11:38:16.718Z,3c6aaf46f6b562016959b144938a957ae3026b46cd77133ed6280e5340d234a9,3859,
GM0415,G0415,Landsmeer,https://voteflow.api.nos.nl/GR26/gemeente/G0415.json,200,2026-03-25T11:38:34.471Z,279f21c3d928a77c1637edb7820a057de95fedc7d172526ec8716b5177859939,2712,
GM0946,G0946,Nederweert,https://voteflow.api.nos.nl/GR26/gemeente/G0946.json,200,2026-03-25T11:38:52.371Z,a60275d876929c1e4971cdc366901222361c94e488237fe497dfae9c5d631caa,1800,
GM0177,G0177,Raalte,https://voteflow.api.nos.nl/GR26/gemeente/G0177.json,200,2026-03-25T11:39:10.218Z,c4ca9512da43f66b6ebf64fb5b4f4f62dd287110b44bef2b840c8e6545b9bdeb,2472,
GM0907,G0907,Gennep,https://voteflow.api.nos.nl/GR26/gemeente/G0907.json,200,2026-03-25T11:39:26.665Z,c751a778e33af34473a092b35e5dc02833e5c4163ce1bdc8084fed7abbc90f30,2040,
GM0867,G0867,Waalwijk,https://voteflow.api.nos.nl/GR26/gemeente/G0867.json,200,2026-03-25T11:39:38.827Z,164c9bb828d9b67854625ad131461e029b19c618e684f1e8d4d316a81d1ad020,2706,
GM1729,G1729,Gulpen-Wittem,https://voteflow.api.nos.nl/GR26/gemeente/G1729.json,200,2026-03-25T11:39:55.638Z,7e956010a970a6cbfd779336ed941f70adc9ed3c9da6cfc52a610b566370acec,2025,
GM0453,G0453,Velsen,https://voteflow.api.nos.nl/GR26/gemeente/G0453.json,200,2026-03-25T11:40:08.485Z,1d0342e2ec9247f24fec400b5112aaae7af50681c2801fb771735b2b2b904fef,2905,
GM1961,G1961,Vijfheerenlanden,https://voteflow.api.nos.nl/GR26/gemeente/G1961.json,200,2026-03-25T11:40:24.019Z,e90332474cc11f72b26a758e25130fae1fd77cd66d598167516431724daf001c,2950,
GM1676,G1676,Schouwen-Duiveland,https://voteflow.api.nos.nl/GR26/gemeente/G1676.json,200,2026-03-25T11:40:37.094Z,4ac2a343be11671e2c5a883dc4336b9edd665bf36f4e3d1e3b43eec7bfb6aafd,2518,
