gm_code,label,url,status,fetched_at,sha256,content_length,parse_ok,error
GM0014,Groningen,https://gr2026-data.stemwijzer.nl/GM0014/data.json,404,2026-03-25T00:32:10.448Z,f7cb97b6fb9e2a4401922d1576354d20c1c7c4b3cac5e8d20e3ed33ee341ba2b,6293,,not found
GM0034,Almere,https://gr2026-data.stemwijzer.nl/GM0034/data.json,200,2026-03-25T00:32:14.889Z,94f9c0b838b0bcafc6c3d9b774f586c309c5c01ff244c2921811d0fb21d46903,412523,,
GM0047,Veendam,https://gr2026-data.stemwijzer.nl/GM0047/data.json,200,2026-03-25T00:32:19.295Z,c21f22a70cce64bfc7e80a8e352a2b1ab71976af9454984fd8b74facbb190254,221287,,
GM0050,Zeewolde,https://gr2026-data.stemwijzer.nl/GM0050/data.json,200,2026-03-25T00:32:23.577Z,6fd0ce7fd627615af0dd71ba4ff7c98e106d8db2bc67e06f7fe03f70f820f01d,327971,,
GM0059,Achtkarspelen,https://gr2026-data.stemwijzer.nl/GM0059/data.json,404,2026-03-25T00:32:28.067Z,f7cb97b6fb9e2a4401922d1576354d20c1c7c4b3cac5e8d20e3ed33ee341ba2b,6293,,not found
GM0072,Harlingen,https://gr2026-data.stemwijzer.nl/GM0072/data.json,200,2026-03-25T00:32:32.617Z,dcfc490cfc944e20fc096289f0d8f14f9b67cdaa99189cb61bbea265fe9ee22c,180483,,
GM0080,Leeuwarden,https://gr2026-data.stemwijzer.nl/GM0080/data.json,404,2026-03-25T00:32:36.945Z,f7cb97b6fb9e2a4401922d1576354d20c1c7c4b3cac5e8d20e3ed33ee341ba2b,6293,,not found
GM0090,Smallingerland,https://gr2026-data.stemwijzer.nl/GM0090/data.json,404,2026-03-25T00:32:41.302Z,f7cb97b6fb9e2a4401922d1576354d20c1c7c4b3cac5e8d20e3ed33ee341ba2b,6293,,not found
GM0098,Weststellingwerf,https://gr2026-data.stemwijzer.nl/GM0098/data.json,200,2026-03-25T00:32:45.649Z,5a89d872d820cf52ca57f9a76c5319f4b97592fa4b476f908db5459bca646e5a,177691,,
GM0109,Coevorden,https://gr2026-data.stemwijzer.nl/GM0109/data.json,200,2026-03-25T00:32:50.137Z,788adef6ced20b7a0b692b4fd80fdce2cf58853fd10678232c843490a13251b4,200323,,
GM0114,Emmen,https://gr2026-data.stemwijzer.nl/GM0114/data.json,200,2026-03-25T00:32:54.446Z,accf028f8fd92f7c3b26fe2f7823dbf5b0767fa55fe4818aa17db5049dee2b11,568291,,
GM0118,Hoogeveen,https://gr2026-data.stemwijzer.nl/GM0118/data.json,200,2026-03-25T00:32:58.642Z,96db6c98d2c3f0b2b0fa208aa82acc00c791cab46757a64f60a74dfc8cb474c2,208947,,
GM0141,Almelo,https://gr2026-data.stemwijzer.nl/GM0141/data.json,200,2026-03-25T00:33:02.899Z,e1e742ac637a069ef16b7b05825b8febcfdf28060d2287bf8f013ef39f812fdc,479519,,
GM0147,Borne,https://gr2026-data.stemwijzer.nl/GM0147/data.json,200,2026-03-25T00:33:07.115Z,6a162adc4d0567e44ac43cc1747e122cce04887d49a4e706284262c47dcdafc9,218971,,
GM0148,Dalfsen,https://gr2026-data.stemwijzer.nl/GM0148/data.json,200,2026-03-25T00:33:11.365Z,27389c98065870a27c87823b24273e9877d6317cc2b68efe77b4281e9ff49507,189675,,
GM0150,Deventer,https://gr2026-data.stemwijzer.nl/GM0150/data.json,200,2026-03-25T00:33:15.887Z,333b0b63ac82ee84120924be62f6c832a973a5cb1a333d3dade8a33761e9174a,372315,,
GM0153,Enschede,https://gr2026-data.stemwijzer.nl/GM0153/data.json,200,2026-03-25T00:33:20.157Z,53c35b12caa2950edd7cba385041777db6452af552e543bcbe4685ca99b30a0a,474503,,
GM0158,Haaksbergen,https://gr2026-data.stemwijzer.nl/GM0158/data.json,200,2026-03-25T00:33:24.315Z,a7273d216d1caf515323112e655811453a3cc29955ef0cfd98d543040aa2eb8c,120935,,
GM0160,Hardenberg,https://gr2026-data.stemwijzer.nl/GM0160/data.json,200,2026-03-25T00:33:28.574Z,9b79d76d2841161d4cf58da5f2f1486c1f9992d1573b0ec4fb0ba5caccd07856,389711,,
GM0164,Hengelo (O.),https://gr2026-data.stemwijzer.nl/GM0164/data.json,200,2026-03-25T00:33:32.918Z,e83914fd81427d48b15f1d6efbf26f5ec26e485943c53320973529667dfc9269,576207,,
GM0168,Losser,https://gr2026-data.stemwijzer.nl/GM0168/data.json,200,2026-03-25T00:33:37.229Z,e7422bd3aa79148101322127b01dafd8e247456aba9de931017ea6a1d0976311,122483,,
GM0171,Noordoostpolder,https://gr2026-data.stemwijzer.nl/GM0171/data.json,200,2026-03-25T00:33:41.647Z,1b458c2605506aa7819035d04647d4a7d4984ceaf6543b2854b7a782302964c6,171639,,
GM0173,Oldenzaal,https://gr2026-data.stemwijzer.nl/GM0173/data.json,200,2026-03-25T00:33:46.132Z,14bf12fbedf8cd47c591276f1743d369c9fa52f4f67b1058224ef1a70d31134f,170403,,
GM0177,Raalte,https://gr2026-data.stemwijzer.nl/GM0177/data.json,200,2026-03-25T00:33:50.305Z,262e63a9517315b08a8dc091d9c70525314c7993b7fc3c11eeb2a9b3fb0e9df3,244119,,
GM0180,Staphorst,https://gr2026-data.stemwijzer.nl/GM0180/data.json,200,2026-03-25T00:33:54.656Z,eba501b96982f7496d5c6c38220e867d62dd3210aebc4d911fc09883ec3e185e,247015,,
GM0183,Tubbergen,https://gr2026-data.stemwijzer.nl/GM0183/data.json,200,2026-03-25T00:33:58.984Z,fbcc9b85a15f66f3110d9ce51b5783ee72cacbbf6e3087bb16a64490837f037d,72679,,
GM0184,Urk,https://gr2026-data.stemwijzer.nl/GM0184/data.json,200,2026-03-25T00:34:03.253Z,1e2a9cc8e955a64a453d8c279fb98b3ad05b254662a0e817814088d9022c8b5a,117259,,
GM0189,Wierden,https://gr2026-data.stemwijzer.nl/GM0189/data.json,200,2026-03-25T00:34:07.748Z,7c2a5f28706313ff32382ef420df4c8207ce3bf4c9d133a51d3400f72728ff83,156819,,
GM0193,Zwolle,https://gr2026-data.stemwijzer.nl/GM0193/data.json,200,2026-03-25T00:34:11.905Z,d6b7f7330be3c5bfcf114cd2f6192ce3d93e623e3575c4e0bf03633b739f9bf8,288871,,
GM0197,Aalten,https://gr2026-data.stemwijzer.nl/GM0197/data.json,200,2026-03-25T00:34:16.371Z,1f9f2298921ac5492581c553729d308c08b449ccb1c0d87f33cf2748e7ee53a4,262663,,
GM0200,Apeldoorn,https://gr2026-data.stemwijzer.nl/GM0200/data.json,200,2026-03-25T00:34:20.559Z,29740c5a4b8611c11440d6d52d7f41ecaf4a08f7768755833756d94fe7397542,848443,,
GM0202,Arnhem,https://gr2026-data.stemwijzer.nl/GM0202/data.json,200,2026-03-25T00:34:24.778Z,ebaf111487630ce8ea8723492fe3738bb3718ad0b69157ac211a0bf81d8e0ea6,343227,,
GM0209,Beuningen,https://gr2026-data.stemwijzer.nl/GM0209/data.json,200,2026-03-25T00:34:29.017Z,0a47613cb40779c9bb75ea45246b720a13d0b1abe67f7c0603b182b6ac14e7ea,323879,,
GM0213,Brummen,https://gr2026-data.stemwijzer.nl/GM0213/data.json,200,2026-03-25T00:34:33.541Z,1ba0b47ba57ab0b354df134f21e604904ac02a15f7d830d400fa8337e093cf27,158807,,
GM0214,Buren,https://gr2026-data.stemwijzer.nl/GM0214/data.json,200,2026-03-25T00:34:37.792Z,504dcdb2e0f4b3abd462345dfd2008a15f2db2259dc9ccd2e234af7aa69c7718,206331,,
GM0216,Culemborg,https://gr2026-data.stemwijzer.nl/GM0216/data.json,200,2026-03-25T00:34:42.096Z,7adaf2323aa2743793618f77e98e405a8c396fae24bbb585cf90784878621a56,194215,,
GM0221,Doesburg,https://gr2026-data.stemwijzer.nl/GM0221/data.json,200,2026-03-25T00:34:46.430Z,a61041382897512edc11ade39cc2ea69815b0c804ab135b3bf6410092df0a4cd,137683,,
GM0222,Doetinchem,https://gr2026-data.stemwijzer.nl/GM0222/data.json,200,2026-03-25T00:34:50.645Z,8577d1bedbc46b6272f885142d3b93544b3cd8774c63c16e3d49d48ee46c8aaa,193451,,
GM0225,Druten,https://gr2026-data.stemwijzer.nl/GM0225/data.json,200,2026-03-25T00:34:54.965Z,d637985551b225e476b07298d30c97ebecb52c364b21e86186f0c3e1728d9d2f,148559,,
GM0226,Duiven,https://gr2026-data.stemwijzer.nl/GM0226/data.json,200,2026-03-25T00:34:59.423Z,dca4f9a411e57ffc2ad910b49dd6e143a4e9f0f4ac9e95912339091abad61967,190255,,
GM0228,Ede,https://gr2026-data.stemwijzer.nl/GM0228/data.json,200,2026-03-25T00:35:03.886Z,02cb5b67972548b6d1062d3c7e5dddf382c3e87afa5934eda720a26a87f57af0,678143,,
GM0230,Elburg,https://gr2026-data.stemwijzer.nl/GM0230/data.json,200,2026-03-25T00:35:08.214Z,548ed5350dc348ddd12c4c32e37d4253d7d323e95b401fceaeed3c5120be827f,140379,,
GM0232,Epe,https://gr2026-data.stemwijzer.nl/GM0232/data.json,200,2026-03-25T00:35:12.540Z,0567e5687e23a2ee9dc75e642a79f7140007094eb48a692fd5b86980605dddf7,184811,,
GM0233,Ermelo,https://gr2026-data.stemwijzer.nl/GM0233/data.json,200,2026-03-25T00:35:16.878Z,8b6ee288f14266e760d0f8f0b377ebf9b44cbf6f686dccb439bd5156858400d2,147603,,
GM0243,Harderwijk,https://gr2026-data.stemwijzer.nl/GM0243/data.json,200,2026-03-25T00:35:21.067Z,58f07eb66564a10d1074d5f1e080026809e8bfe5e3d7ffecf4444212473ba219,190047,,
GM0244,Hattem,https://gr2026-data.stemwijzer.nl/GM0244/data.json,200,2026-03-25T00:35:25.373Z,aa21fcc62d473a0db08be5e0fe8521df183a6e683ceba2d4f97fe2c40e3aa922,170595,,
GM0246,Heerde,https://gr2026-data.stemwijzer.nl/GM0246/data.json,200,2026-03-25T00:35:29.720Z,46dd131af7d24e25d5109340d6c1c2cd69eca018cae2642153b0c9c6e7fa4fce,167611,,
GM0252,Heumen,https://gr2026-data.stemwijzer.nl/GM0252/data.json,200,2026-03-25T00:35:34.018Z,6b7179be807b2a089995b2c89864121b28901f2836ef7fadcaecca8b277df57c,142283,,
GM0262,Lochem,https://gr2026-data.stemwijzer.nl/GM0262/data.json,200,2026-03-25T00:35:38.223Z,c7ad1be8a188ffa5f6d130db3df6175349140c4c3655eafa8a2544e9a9596cda,357875,,
GM0263,Maasdriel,https://gr2026-data.stemwijzer.nl/GM0263/data.json,200,2026-03-25T00:35:42.428Z,b5cfcbd41234f9be2aebc3e451694aa40f7d380824c90a2c300456883abfa9a6,151107,,
GM0267,Nijkerk,https://gr2026-data.stemwijzer.nl/GM0267/data.json,200,2026-03-25T00:35:46.890Z,08e287587372ef8f5a06b40f76c97523b332ca964d949e5f4a51930d74ab62ec,275499,,
GM0268,Nijmegen,https://gr2026-data.stemwijzer.nl/GM0268/data.json,200,2026-03-25T00:35:51.146Z,fcf86107b4d5ab6d97e1e82cca252ccf2f80ac6645fdb7dc7085877d08a4173b,317247,,
GM0269,Oldebroek,https://gr2026-data.stemwijzer.nl/GM0269/data.json,200,2026-03-25T00:35:55.394Z,667f491f613fc500193fb0ee9decf7dd16ba925d4cda1f989347bc60c8ab6f94,199987,,
GM0273,Putten,https://gr2026-data.stemwijzer.nl/GM0273/data.json,200,2026-03-25T00:35:59.559Z,b5b1bbba2316520abda14be80cd04a9100de821707363403d42faa5a10e81dcb,161247,,
GM0274,Renkum,https://gr2026-data.stemwijzer.nl/GM0274/data.json,200,2026-03-25T00:36:04.031Z,9b5adead3b72e559a394be6513e2215c4a73bb10e9e8e002be6fb6362c21d7b2,160551,,
GM0275,Rheden,https://gr2026-data.stemwijzer.nl/GM0275/data.json,200,2026-03-25T00:36:08.489Z,896a2babe4967f6bba2fbd5f3ee9dd7e2ebe0b13d8e08ec5e56fad6a1cc4d7e0,277699,,
GM0279,Scherpenzeel,https://gr2026-data.stemwijzer.nl/GM0279/data.json,200,2026-03-25T00:36:12.754Z,0d68bea21c9ba86f2d8f83970c5bf124e707291a7e4dbcd05e408308a09f4f1f,107875,,
GM0281,Tiel,https://gr2026-data.stemwijzer.nl/GM0281/data.json,200,2026-03-25T00:36:17.265Z,b41fbb24d7d76ba3d162facb3173a314e5cd29ee1eb67121527a63fbce681061,158467,,
GM0285,Voorst,https://gr2026-data.stemwijzer.nl/GM0285/data.json,200,2026-03-25T00:36:21.628Z,b9c3e34e28ab5204b7a82af662394e4afdd8c11c90577369a27c7c14cd4228af,211579,,
GM0289,Wageningen,https://gr2026-data.stemwijzer.nl/GM0289/data.json,200,2026-03-25T00:36:25.912Z,12345ab50be83ea41072df51d6afd0f080d98d32d1954a082bdcb648ee814464,283399,,
GM0293,Westervoort,https://gr2026-data.stemwijzer.nl/GM0293/data.json,200,2026-03-25T00:36:30.136Z,b8bef1067626b93770b3bce93fc6ddcb0cb4c507005fe0df4f6a3efcb1e9f59c,117559,,
GM0294,Winterswijk,https://gr2026-data.stemwijzer.nl/GM0294/data.json,200,2026-03-25T00:36:34.554Z,efee98f4b6e0d22255efb4fd0f253b0a7910d10757b1055901d5088cc12f54d8,528399,,
GM0296,Wijchen,https://gr2026-data.stemwijzer.nl/GM0296/data.json,200,2026-03-25T00:36:38.718Z,01d1f05e6e80e0f755a420cc9e380b2355717df883570f138e74ad165bc7a552,216839,,
GM0297,Zaltbommel,https://gr2026-data.stemwijzer.nl/GM0297/data.json,200,2026-03-25T00:36:43.067Z,6887b641461210a5cad8aaa14f6c06aca782b43f245e48393664f57b9ffe39ad,201611,,
GM0299,Zevenaar,https://gr2026-data.stemwijzer.nl/GM0299/data.json,200,2026-03-25T00:36:47.337Z,94522ce075647f466b536ea6f6b8611ea0888e6d63b0394c07af1899ad7f4b60,235967,,
GM0301,Zutphen,https://gr2026-data.stemwijzer.nl/GM0301/data.json,200,2026-03-25T00:36:51.736Z,3bbfc0d1307a781ab4c8a1588d9fb4d552dbc0c60a58cd38a7a968385dc92362,598751,,
GM0302,Nunspeet,https://gr2026-data.stemwijzer.nl/GM0302/data.json,200,2026-03-25T00:36:56.163Z,1d418ef6524bd3c38ac8022100db4bf7c4735b4a9a470d9579396110e0d6a1b0,169735,,
GM0303,Dronten,https://gr2026-data.stemwijzer.nl/GM0303/data.json,200,2026-03-25T00:37:00.613Z,7a6a64fd4c7c8ad62c19203c12ccc7c3fa9428679bbc1ded4f80869ac1498c11,193251,,
GM0307,Amersfoort,https://gr2026-data.stemwijzer.nl/GM0307/data.json,200,2026-03-25T00:37:05.129Z,3792ace0a6531dc4bbf32f93a38979664cff458e06793aead569196e4daa0e3e,426203,,
GM0308,Baarn,https://gr2026-data.stemwijzer.nl/GM0308/data.json,404,2026-03-25T00:37:09.419Z,f7cb97b6fb9e2a4401922d1576354d20c1c7c4b3cac5e8d20e3ed33ee341ba2b,6293,,not found
GM0310,De Bilt,https://gr2026-data.stemwijzer.nl/GM0310/data.json,200,2026-03-25T00:37:13.736Z,a2d59c40709943c44ac2ef9f7184f42d06e0489fc6339456115c52bc36a467dd,612435,,
GM0312,Bunnik,https://gr2026-data.stemwijzer.nl/GM0312/data.json,200,2026-03-25T00:37:18.052Z,4cd7ed42eb4ae20b3b10968b860e9cbc376ade17d1b5863a608363c7e88808aa,117103,,
GM0321,Houten,https://gr2026-data.stemwijzer.nl/GM0321/data.json,200,2026-03-25T00:37:22.304Z,81b8c18f29d918bbdd39e21cf0e534a8494adeaf3f67bfdb2e65a9b61e9c7a7f,241551,,
GM0331,Lopik,https://gr2026-data.stemwijzer.nl/GM0331/data.json,200,2026-03-25T00:37:26.651Z,f50bb62ea33eb40b6f1b69595379e275f10ad6667ef50c880f89039c39cb82cd,102675,,
GM0335,Montfoort,https://gr2026-data.stemwijzer.nl/GM0335/data.json,200,2026-03-25T00:37:30.959Z,7811c35dd121e8353ffd542f637bfe974b7c9278b789313c0047a0898c0d506a,153571,,
GM0339,Renswoude,https://gr2026-data.stemwijzer.nl/GM0339/data.json,200,2026-03-25T00:37:35.143Z,876eef5125ef36016bc44505ffd713f7885badd78d07c234b4a1be6e3f01be14,117479,,
GM0340,Rhenen,https://gr2026-data.stemwijzer.nl/GM0340/data.json,200,2026-03-25T00:37:39.534Z,265cbf14c70a7f6e30a65dfb2dcb4b4d7bfe161460a4a0a2051e5427b716977b,213495,,
GM0342,Soest,https://gr2026-data.stemwijzer.nl/GM0342/data.json,200,2026-03-25T00:37:44.018Z,ece9c5e225c729b11c95d8d8d4de2b95cea524627a89c68f88547c6b6b84e8f9,471899,,
GM0344,Utrecht,https://gr2026-data.stemwijzer.nl/GM0344/data.json,200,2026-03-25T00:37:48.264Z,2d79d4b799cef748ee06fb63c4cad75fbed3a5461ffbed6cf11e22807f53e7c2,483039,,
GM0345,Veenendaal,https://gr2026-data.stemwijzer.nl/GM0345/data.json,200,2026-03-25T00:37:52.668Z,ae9fee93e4ef5b13f312ffdd43e70fbea847f2b95cd79dbc4699cc640406c820,242011,,
GM0352,Wijk bij Duurstede,https://gr2026-data.stemwijzer.nl/GM0352/data.json,200,2026-03-25T00:37:57.129Z,36728f1847aa1d012be6e59dfba1e9e593c84fb344301610faa098328d462c64,233139,,
GM0353,IJsselstein,https://gr2026-data.stemwijzer.nl/GM0353/data.json,200,2026-03-25T00:38:01.564Z,b744ca202977359f14b664ff2fd0f4b0b4e6bbe29358552e3fd9b223b8674ade,147139,,
GM0355,Zeist,https://gr2026-data.stemwijzer.nl/GM0355/data.json,200,2026-03-25T00:38:06.004Z,ee0e0f7b8cab571b332bc342369deeb26f16abfc1f89276c086bfc50386f3975,263535,,
GM0356,Nieuwegein,https://gr2026-data.stemwijzer.nl/GM0356/data.json,200,2026-03-25T00:38:10.487Z,628bd49d71f31ad2d39a168ccf78e64c2fe7e2ce5a47f1ca0f67052b8165a0f6,351643,,
GM0362,Amstelveen,https://gr2026-data.stemwijzer.nl/GM0362/data.json,200,2026-03-25T00:38:14.758Z,7ec04b15d30d2bdb7bdfbb67a0b5ed5ca5a71b8f51b39ab38ece67ee01271dd7,243239,,
GM0363,Amsterdam,https://gr2026-data.stemwijzer.nl/GM0363/data.json,200,2026-03-25T00:38:19.210Z,49ff762323bc4833cd8f1a60fab27ffcf5528b2df31fe75e0bff568631958926,2278755,,
GM0375,Beverwijk,https://gr2026-data.stemwijzer.nl/GM0375/data.json,200,2026-03-25T00:38:23.774Z,912079489db6739b5f19e4f79b098225b70b86892ba9b4861058ce6e098bbf47,291591,,
GM0377,Bloemendaal,https://gr2026-data.stemwijzer.nl/GM0377/data.json,200,2026-03-25T00:38:28.186Z,43dee5d1ec6a0ac33dd37ac08a5f61caf941052eb4dd2b4d68e9a30f3307215f,133187,,
GM0384,Diemen,https://gr2026-data.stemwijzer.nl/GM0384/data.json,200,2026-03-25T00:38:32.418Z,daa764baa05bd399c6acbf2018fc8b7979e6218cf36f8ce540bf8251e7dde8a5,147419,,
GM0385,Edam-Volendam,https://gr2026-data.stemwijzer.nl/GM0385/data.json,200,2026-03-25T00:38:36.783Z,8be5cba4416bb5cb52f4af2a84c87b223010810141013987e61f868410c0f010,548075,,
GM0388,Enkhuizen,https://gr2026-data.stemwijzer.nl/GM0388/data.json,200,2026-03-25T00:38:40.954Z,16e6b886c5cad29b23cf3e03d533556bb63fa01a49a2b490aee42c9884f4bccd,223475,,
GM0392,Haarlem,https://gr2026-data.stemwijzer.nl/GM0392/data.json,200,2026-03-25T00:38:45.266Z,3957d86c690e690b98c6ad4c3f3ff8f52df4892b179c204da0c49021fea00b16,446547,,
GM0394,Haarlemmermeer,https://gr2026-data.stemwijzer.nl/GM0394/data.json,200,2026-03-25T00:38:49.635Z,073c24d88a436ec704d23efe23ceaaab8f377431b9c1acbf696fe94426cfab51,757059,,
GM0396,Heemskerk,https://gr2026-data.stemwijzer.nl/GM0396/data.json,200,2026-03-25T00:38:54.170Z,3922057880e8c1e70274f0ef0dc507eb1b82ccc23fe270c6aad2b1eb42a69b1b,165151,,
GM0400,Den Helder,https://gr2026-data.stemwijzer.nl/GM0400/data.json,200,2026-03-25T00:38:58.415Z,7bb1f03a11a67fbe036893188a87d11df4ae49c3c194faed89e93c76a1cb06a4,709195,,
GM0405,Hoorn,https://gr2026-data.stemwijzer.nl/GM0405/data.json,200,2026-03-25T00:39:02.614Z,d85524d865002f86ef6e70f14d5ee759ce9211f7bea854edd3145f7fafdfaaaa,350291,,
GM0415,Landsmeer,https://gr2026-data.stemwijzer.nl/GM0415/data.json,200,2026-03-25T00:39:06.841Z,cb0d0832bf17e1ef581e0444f085befa86e2b7df12767040aa26da26cb67b62f,279775,,
GM0420,Medemblik,https://gr2026-data.stemwijzer.nl/GM0420/data.json,200,2026-03-25T00:39:11.182Z,f869f9556cf52c446cea4ec36bb8a509ff843e4cff9963bc787a4a5ffdbf02fc,255407,,
GM0431,Oostzaan,https://gr2026-data.stemwijzer.nl/GM0431/data.json,200,2026-03-25T00:39:15.669Z,b84b37507feb94be78ffaf09f8cb59b6cb00e070eaf58fc17776a8c3a1df1d94,93239,,
GM0432,Opmeer,https://gr2026-data.stemwijzer.nl/GM0432/data.json,200,2026-03-25T00:39:19.834Z,bf7bf421ba4d701dabfd81bbefb1c7fa4f2881bc1f9bfe044dc1f820861e8272,114651,,
GM0437,Ouder-Amstel,https://gr2026-data.stemwijzer.nl/GM0437/data.json,200,2026-03-25T00:39:24.025Z,f5eef3529bd30a08dacda041d8ad57d8dc379936daa753672b37cdd1c69b55e3,178143,,
GM0451,Uithoorn,https://gr2026-data.stemwijzer.nl/GM0451/data.json,200,2026-03-25T00:39:28.200Z,71c58b367dd1c684613cf045e2bd14fe62a432ee4a5fba8b8a71f43c8253f857,120971,,
GM0453,Velsen,https://gr2026-data.stemwijzer.nl/GM0453/data.json,200,2026-03-25T00:39:32.372Z,8a66c27af56afba3892b0c035a5ae10b6aed1e57c5f0e0f30c5750951a03261d,423223,,
GM0473,Zandvoort,https://gr2026-data.stemwijzer.nl/GM0473/data.json,200,2026-03-25T00:39:36.607Z,0af6fdd6849eb91e1d6779b03c123fc524ddafa95a83395a382ac6be2583ac9f,185667,,
GM0479,Zaanstad,https://gr2026-data.stemwijzer.nl/GM0479/data.json,404,2026-03-25T00:39:41.048Z,f7cb97b6fb9e2a4401922d1576354d20c1c7c4b3cac5e8d20e3ed33ee341ba2b,6293,,not found
GM0482,Alblasserdam,https://gr2026-data.stemwijzer.nl/GM0482/data.json,200,2026-03-25T00:39:45.445Z,d668aceb100f9c0d44d737680a0569d6d14306eb049b952a20c866128679c13b,145439,,
GM0484,Alphen aan den Rijn,https://gr2026-data.stemwijzer.nl/GM0484/data.json,200,2026-03-25T00:39:49.661Z,a49c1481034b69d6aa2feb3a5f52c151cff719b72bce6975023e5d3ab2c9cdca,299307,,
GM0489,Barendrecht,https://gr2026-data.stemwijzer.nl/GM0489/data.json,200,2026-03-25T00:39:54.148Z,d9e816584d176ec95e68d347c0545c4943b5e66594cc77409ac8d7441e1f0d27,174459,,
GM0498,Drechterland,https://gr2026-data.stemwijzer.nl/GM0498/data.json,200,2026-03-25T00:39:58.320Z,81f293844c7c60fe3ec568190f4e52a1e82fdad1296249746de99d839d693330,105955,,
GM0502,Capelle aan den IJssel,https://gr2026-data.stemwijzer.nl/GM0502/data.json,200,2026-03-25T00:40:02.645Z,c88e93ac11781f73914b76f01422290fecb050cb4c0677fcfdc0a40c0e1a2146,598547,,
GM0503,Delft,https://gr2026-data.stemwijzer.nl/GM0503/data.json,200,2026-03-25T00:40:07.030Z,14fb5faa2084ff687cb7b9747909fca498e0a17725eba9397f88c2860b9486a8,388323,,
GM0505,Dordrecht,https://gr2026-data.stemwijzer.nl/GM0505/data.json,200,2026-03-25T00:40:11.562Z,4ca81523ecb3298bfc901cfc45f9783844a69094e00b2b2a190d012f02867056,359375,,
GM0512,Gorinchem,https://gr2026-data.stemwijzer.nl/GM0512/data.json,200,2026-03-25T00:40:15.874Z,fe2f19754519b8ac7428fabdc23afb1fc44efb472e1284f27a4dd3684c3cb1dc,422487,,
GM0513,Gouda,https://gr2026-data.stemwijzer.nl/GM0513/data.json,200,2026-03-25T00:40:20.285Z,d30bed5b32fa650c3805574bf49bd6c9518fdd2d01d17795f913f043ccc20922,363159,,
GM0518,s-Gravenhage,https://gr2026-data.stemwijzer.nl/GM0518/data.json,200,2026-03-25T00:40:24.589Z,e838ffd92f241c6582f871cdd9585733ea62d248c51d9a2dd90a878bfbd506f7,1033091,,
GM0523,Hardinxveld-Giessendam,https://gr2026-data.stemwijzer.nl/GM0523/data.json,200,2026-03-25T00:40:29.086Z,037bf7a007f0b16170c6c1cf779317159a44a5c9c7d9a1310665e6f3c519920e,116759,,
GM0531,Hendrik-Ido-Ambacht,https://gr2026-data.stemwijzer.nl/GM0531/data.json,200,2026-03-25T00:40:33.483Z,901bd7b2d82fdeebcfea98f19c73b4a8c88bb91cda5af2b5c33f1370163004ec,185695,,
GM0537,Katwijk,https://gr2026-data.stemwijzer.nl/GM0537/data.json,200,2026-03-25T00:40:37.718Z,18bc4df6e2d9732cedf7267c27451b6835f58a69bf510fcc223f4f3d7998fe9a,532575,,
GM0542,Krimpen aan den IJssel,https://gr2026-data.stemwijzer.nl/GM0542/data.json,200,2026-03-25T00:40:42.044Z,b40b351c766abefdfab678901055cb000fe94b61727ede44eeb941142ba04f62,175999,,
GM0546,Leiden,https://gr2026-data.stemwijzer.nl/GM0546/data.json,200,2026-03-25T00:40:46.277Z,bef4b42c8d93131ab9cd324acc867d08b6cb8720900754d5cf7ffc3f92ccaca1,320335,,
GM0556,Maassluis,https://gr2026-data.stemwijzer.nl/GM0556/data.json,200,2026-03-25T00:40:50.639Z,59af5cb7bd61ae9001dac6e57caddfb2d8081fcc464e5446d18d940bc79a2a45,188915,,
GM0569,Nieuwkoop,https://gr2026-data.stemwijzer.nl/GM0569/data.json,200,2026-03-25T00:40:54.893Z,2d3ac76244a4fc663ba548c6db5e9e70c61fb1597de8af69f475aaea410339de,149447,,
GM0575,Noordwijk,https://gr2026-data.stemwijzer.nl/GM0575/data.json,200,2026-03-25T00:40:59.191Z,f81f584e9edf64f410b5cb2738e76802544a396e5192bb28a18439012ac08cd0,261723,,
GM0589,Oudewater,https://gr2026-data.stemwijzer.nl/GM0589/data.json,200,2026-03-25T00:41:03.412Z,95f7b1f29b6b3ab0d091355637af694b57dd3829e93578126ac9ce6981c44dd5,123899,,
GM0590,Papendrecht,https://gr2026-data.stemwijzer.nl/GM0590/data.json,200,2026-03-25T00:41:07.565Z,0932a57b9a02e32393fa20d156b72433cdfe5efbab18f44e163fa47697bf1891,286439,,
GM0597,Ridderkerk,https://gr2026-data.stemwijzer.nl/GM0597/data.json,200,2026-03-25T00:41:11.794Z,6db6ee52601aa4d6c31d53ce544efa30946b123bec0aa56e3a328277142883c5,247831,,
GM0599,Rotterdam,https://gr2026-data.stemwijzer.nl/GM0599/data.json,200,2026-03-25T00:41:16.278Z,539dd4e763755b2bcdd2d527da838fd708a8b8bd47c5bf430ddecbd69c6f2e6d,1228195,,
GM0603,Rijswijk (ZH.),https://gr2026-data.stemwijzer.nl/GM0603/data.json,200,2026-03-25T00:41:20.726Z,91de80f0c050bf7943c68b1dd8801cb492cd88e51dc1745ec741def5665ded48,229091,,
GM0606,Schiedam,https://gr2026-data.stemwijzer.nl/GM0606/data.json,200,2026-03-25T00:41:25.015Z,683f23e66bc138395d5b63d35910bcd82a8fd3b6da516470396ec0039f7b9109,290799,,
GM0610,Sliedrecht,https://gr2026-data.stemwijzer.nl/GM0610/data.json,200,2026-03-25T00:41:29.376Z,4db7bc4cb60859e9ea672b6fad123b8870185baba6cc3c24e0aa7d3670877eb1,250743,,
GM0622,Vlaardingen,https://gr2026-data.stemwijzer.nl/GM0622/data.json,200,2026-03-25T00:41:33.595Z,e510d7389607b356360c5f943a1fc84e3999a99b9c0b39090b61adb72f1a1a3b,498479,,
GM0626,Voorschoten,https://gr2026-data.stemwijzer.nl/GM0626/data.json,200,2026-03-25T00:41:37.837Z,f66f998c5b03f44259051358b758a5fb8d5efa24bda532cb406b4c30af42bb44,176495,,
GM0627,Waddinxveen,https://gr2026-data.stemwijzer.nl/GM0627/data.json,200,2026-03-25T00:41:42.380Z,d7e00fba0170ed4901e437ef67126bfe66fa04e85af432a7acf0d563734d24bf,162079,,
GM0629,Wassenaar,https://gr2026-data.stemwijzer.nl/GM0629/data.json,200,2026-03-25T00:41:46.908Z,e613882fe9134ff319c824f8c12fe264a8ce9a13d10852a80490ad7973d73a57,221539,,
GM0632,Woerden,https://gr2026-data.stemwijzer.nl/GM0632/data.json,200,2026-03-25T00:41:51.406Z,f7156a8a946fd2a15ce1b2f3f5b31caede9abe93cadaaac4efc21751e5257a00,320771,,
GM0637,Zoetermeer,https://gr2026-data.stemwijzer.nl/GM0637/data.json,200,2026-03-25T00:41:55.855Z,9afec9c552fd2de5432af0664b370e5ae6eb79c11ad28e6202d1cb6ee1b4cc19,349135,,
GM0638,Zoeterwoude,https://gr2026-data.stemwijzer.nl/GM0638/data.json,200,2026-03-25T00:41:59.974Z,8fd904c695f3cae5c354d8fef3334e92f688462f9697373d18114d9c2227d04c,102823,,
GM0642,Zwijndrecht,https://gr2026-data.stemwijzer.nl/GM0642/data.json,200,2026-03-25T00:42:04.361Z,13a17d0315f292ecc5af79764f4e22c173be2124e29ef97d2bee98307e2ae626,178755,,
GM0654,Borsele,https://gr2026-data.stemwijzer.nl/GM0654/data.json,200,2026-03-25T00:42:08.545Z,7284004e27fe43a7092cd14ef12bdb1776e885d84aa4b3bee9e9c9a173454d8b,147499,,
GM0664,Goes,https://gr2026-data.stemwijzer.nl/GM0664/data.json,200,2026-03-25T00:42:12.861Z,d57fa2e3bc1905199372ed10c711264ee2462801b7c3b47dee2db9bdd9a24bef,198507,,
GM0668,West Maas en Waal,https://gr2026-data.stemwijzer.nl/GM0668/data.json,200,2026-03-25T00:42:17.219Z,9e29ae561bed6fd9c0c9fa0f5d007c751de7f1a9a439cb852495447405a54d9e,139667,,
GM0677,Hulst,https://gr2026-data.stemwijzer.nl/GM0677/data.json,200,2026-03-25T00:42:21.460Z,582ca5397bc99dbd8b1c541dc60eabf81654eb6d74094e7de96b717bcd87f35e,187239,,
GM0678,Kapelle,https://gr2026-data.stemwijzer.nl/GM0678/data.json,200,2026-03-25T00:42:25.784Z,948ff5958ae89d094cd73e0a3db8e15015836452ff702f415c8a01b4f98d363b,156051,,
GM0687,Middelburg (Z.),https://gr2026-data.stemwijzer.nl/GM0687/data.json,200,2026-03-25T00:42:30.067Z,722d895d29e76619084753f2ef7cb54bd6805cbd6a54ae30e2dbe4cf75f689fb,245499,,
GM0703,Reimerswaal,https://gr2026-data.stemwijzer.nl/GM0703/data.json,200,2026-03-25T00:42:34.522Z,0e69527b4dfed9e0cc894e572ec6793b01b83180ca5f807d54563db064547d34,131859,,
GM0715,Terneuzen,https://gr2026-data.stemwijzer.nl/GM0715/data.json,200,2026-03-25T00:42:38.717Z,4bfa0695b764d92cf323965eeae22397b48a5960f20389c10098ba3edb87c53a,340231,,
GM0716,Tholen,https://gr2026-data.stemwijzer.nl/GM0716/data.json,200,2026-03-25T00:42:42.953Z,542e71def316dda24f0a8f85e05e25607f31ab5d1ed1f88a5f59899d062e7ce8,192699,,
GM0717,Veere,https://gr2026-data.stemwijzer.nl/GM0717/data.json,200,2026-03-25T00:42:47.361Z,789ae4d95e5a8b57d2b09178a98ada0f9d2207c01ad9456a9ac2d2a5a33b6ecb,202371,,
GM0718,Vlissingen,https://gr2026-data.stemwijzer.nl/GM0718/data.json,200,2026-03-25T00:42:51.822Z,a88300380dcad6ce55e5bcbb4640cd8e164f488493fccb88793d8db4f19eade3,427671,,
GM0736,De Ronde Venen,https://gr2026-data.stemwijzer.nl/GM0736/data.json,200,2026-03-25T00:42:56.178Z,315a1029eb67e2db7ea81cc8ad9c63c641973e2a8c1308aa805db1c16600c0db,196283,,
GM0737,Tytsjerksteradiel,https://gr2026-data.stemwijzer.nl/GM0737/data.json,404,2026-03-25T00:43:00.424Z,f7cb97b6fb9e2a4401922d1576354d20c1c7c4b3cac5e8d20e3ed33ee341ba2b,6293,,not found
GM0743,Asten,https://gr2026-data.stemwijzer.nl/GM0743/data.json,200,2026-03-25T00:43:04.617Z,506be906b0069b2bbbb53744993a176b903bcc9533a30f1eea89d0cb5b0ea0b7,123971,,
GM0744,Baarle-Nassau,https://gr2026-data.stemwijzer.nl/GM0744/data.json,200,2026-03-25T00:43:09.069Z,30c69b314b8acae486abc4660e690d1d5997b5d42f9b4dfeb5f9ff1091f83df8,80639,,
GM0748,Bergen op Zoom,https://gr2026-data.stemwijzer.nl/GM0748/data.json,200,2026-03-25T00:43:13.285Z,e787ee3517f4c811c24f58824d1d33dacf5447b1abaa13cf29dc258df62dc10f,287327,,
GM0753,Best,https://gr2026-data.stemwijzer.nl/GM0753/data.json,200,2026-03-25T00:43:17.797Z,eb57e0e80628f4254523a26355fb75c69e3eec9b3a3b4600825567e9e7411de8,206727,,
GM0757,Boxtel,https://gr2026-data.stemwijzer.nl/GM0757/data.json,200,2026-03-25T00:43:22.022Z,70d0f12e2aed2421d5692627a7a4fd0a7636949a44432b23215fe356b1e7e954,160911,,
GM0758,Breda,https://gr2026-data.stemwijzer.nl/GM0758/data.json,200,2026-03-25T00:43:26.479Z,0ac6080a58566585e950df801b2b055b4fbc32581ff3ac7d236da98c675d4c3a,488383,,
GM0762,Deurne,https://gr2026-data.stemwijzer.nl/GM0762/data.json,200,2026-03-25T00:43:31.020Z,b8c561ae6c1e1fbffe31bdacc5fb6e4b1ce3e4cc6575cb5c543516f584c3aec5,332483,,
GM0765,Pekela,https://gr2026-data.stemwijzer.nl/GM0765/data.json,200,2026-03-25T00:43:35.266Z,48e5ef870a888ccfedf811186cfbbc8f7a222a6d2efba5f6d8d1c64d024d1c6d,132379,,
GM0770,Eersel,https://gr2026-data.stemwijzer.nl/GM0770/data.json,200,2026-03-25T00:43:39.806Z,966360dfc253d37eb0e6c9ff4ae805484fac9b4f1c0b15e3d023fde6f428c20b,124295,,
GM0772,Eindhoven,https://gr2026-data.stemwijzer.nl/GM0772/data.json,404,2026-03-25T00:43:43.952Z,f7cb97b6fb9e2a4401922d1576354d20c1c7c4b3cac5e8d20e3ed33ee341ba2b,6293,,not found
GM0777,Etten-Leur,https://gr2026-data.stemwijzer.nl/GM0777/data.json,200,2026-03-25T00:43:48.334Z,4f666f917891b96430dfd9d14e917ff9e2569e11ed612fc38a85ae341b3d015c,196707,,
GM0779,Geertruidenberg,https://gr2026-data.stemwijzer.nl/GM0779/data.json,200,2026-03-25T00:43:52.813Z,5145a17e8e7969ba50e80c5c488ed77d42b766e400d93bf706989a22666618a1,123919,,
GM0794,Helmond,https://gr2026-data.stemwijzer.nl/GM0794/data.json,200,2026-03-25T00:43:57.287Z,ca3497c1aafefe58c65aaa42fc4205b1335cd713c988dfd2d5660cbd8570e972,626379,,
GM0796,s-Hertogenbosch,https://gr2026-data.stemwijzer.nl/GM0796/data.json,200,2026-03-25T00:44:01.527Z,5db3f6d95ecc6922212214b572d341bd604bf565a5819bac131703b410be6f24,948319,,
GM0798,Hilvarenbeek,https://gr2026-data.stemwijzer.nl/GM0798/data.json,200,2026-03-25T00:44:05.686Z,434c87c4447cab705d104685a1998a47f45e7f779a0bdad2680436370ef322f8,75259,,
GM0809,Loon op Zand,https://gr2026-data.stemwijzer.nl/GM0809/data.json,200,2026-03-25T00:44:09.877Z,11e756d0cbf3c28a7ffba60d009ae2c021b63d73d7a1f74bb3030da7d32fe8b7,123307,,
GM0824,Oisterwijk,https://gr2026-data.stemwijzer.nl/GM0824/data.json,200,2026-03-25T00:44:14.375Z,d1ee83ffa821ac8994cdc3c1edc75f25f94053e1b65a23f363446be06433828c,170259,,
GM0826,Oosterhout,https://gr2026-data.stemwijzer.nl/GM0826/data.json,200,2026-03-25T00:44:18.701Z,8e5a39384d56be00ad0520b87c263e736dbf1b371014fdb5a2598cffea6052e2,200403,,
GM0828,Oss,https://gr2026-data.stemwijzer.nl/GM0828/data.json,200,2026-03-25T00:44:23.038Z,3c384233faa07fc88dca4260ef9f2757f8e248ddef28af6ccbb5e0a226e538d2,515007,,
GM0840,Rucphen,https://gr2026-data.stemwijzer.nl/GM0840/data.json,200,2026-03-25T00:44:27.217Z,98144aa75beb646c3037647ae7b6ac16ab505728b27f20b24cc7283fd2ffcd5a,90283,,
GM0847,Someren,https://gr2026-data.stemwijzer.nl/GM0847/data.json,200,2026-03-25T00:44:31.487Z,3f0da843e51ecd73e143c7692d229e456a0b4e71be8f4647e8fa86dd838b48d7,160303,,
GM0848,Son en Breugel,https://gr2026-data.stemwijzer.nl/GM0848/data.json,200,2026-03-25T00:44:35.698Z,efb1c8de221052a3b0a98cec72de33b09962cf1542600acbd38e8f649c4e1c57,117243,,
GM0851,Steenbergen,https://gr2026-data.stemwijzer.nl/GM0851/data.json,200,2026-03-25T00:44:39.863Z,f601472efece25fac681499359145b29d62e41f8afd0bb4ca0b60ed619c6bb1f,386011,,
GM0852,Waterland,https://gr2026-data.stemwijzer.nl/GM0852/data.json,200,2026-03-25T00:44:44.226Z,3d0797b45e3c2621165e7ef908772bcc920b75388f14c5c9bb6dd8d74f2d4a23,135679,,
GM0855,Tilburg,https://gr2026-data.stemwijzer.nl/GM0855/data.json,404,2026-03-25T00:44:48.739Z,f7cb97b6fb9e2a4401922d1576354d20c1c7c4b3cac5e8d20e3ed33ee341ba2b,6293,,not found
GM0858,Valkenswaard,https://gr2026-data.stemwijzer.nl/GM0858/data.json,200,2026-03-25T00:44:53.279Z,a3ec585347b25681f0728cdf277511a01aef54384ad27b2895220dd6a4dfeadf,256075,,
GM0861,Veldhoven,https://gr2026-data.stemwijzer.nl/GM0861/data.json,200,2026-03-25T00:44:57.572Z,e1595546dcefa7e873e78af034427b80058eefee2bb50a275498b15504313788,205919,,
GM0865,Vught,https://gr2026-data.stemwijzer.nl/GM0865/data.json,200,2026-03-25T00:45:01.854Z,6caa4922daae18f8c605f5e1c04692ed3035bd92cdc2b89bbb3cad62efc2b8de,165023,,
GM0866,Waalre,https://gr2026-data.stemwijzer.nl/GM0866/data.json,200,2026-03-25T00:45:06.186Z,20a9e5d36b178c1a43e9a28ec2105eb30ef3cf41618e98486879e199970ede29,146791,,
GM0867,Waalwijk,https://gr2026-data.stemwijzer.nl/GM0867/data.json,200,2026-03-25T00:45:10.473Z,e274a7fe26b2fe4120b41d17d92e4916020d7ec76b8dac5042e70db834f9383a,248091,,
GM0873,Woensdrecht,https://gr2026-data.stemwijzer.nl/GM0873/data.json,200,2026-03-25T00:45:14.817Z,483155da0c13848a88db3a158b4bc4067294bf3cfad3dbd9ea23e58215a616ff,231707,,
GM0879,Zundert,https://gr2026-data.stemwijzer.nl/GM0879/data.json,200,2026-03-25T00:45:19.296Z,8fd22c68ef9d7ee9bdb6b36648b4b2b2fcc2d6ced74f858530314cd26eb9f477,152679,,
GM0888,Beek (L.),https://gr2026-data.stemwijzer.nl/GM0888/data.json,200,2026-03-25T00:45:23.576Z,cb6c04b691662c775c76131d5e69a793c97c9c8cb3044bcb05bc5687c423d49e,127379,,
GM0889,Beesel,https://gr2026-data.stemwijzer.nl/GM0889/data.json,200,2026-03-25T00:45:28.027Z,05d919b360598595af4eca40aae8719827a704c3f656f652f7a122fc943142c0,80275,,
GM0907,Gennep,https://gr2026-data.stemwijzer.nl/GM0907/data.json,200,2026-03-25T00:45:32.180Z,72c4536ff416c83dd2d3538c33a70c928981fc6f6d9d0bcb604bc67899102eed,153895,,
GM0917,Heerlen,https://gr2026-data.stemwijzer.nl/GM0917/data.json,200,2026-03-25T00:45:36.436Z,a8c5637c5a7728c8ac473de783b16cdd613af4cbbbd40d23df8280fb00a64079,480591,,
GM0935,Maastricht,https://gr2026-data.stemwijzer.nl/GM0935/data.json,404,2026-03-25T00:45:40.749Z,f7cb97b6fb9e2a4401922d1576354d20c1c7c4b3cac5e8d20e3ed33ee341ba2b,6293,,not found
GM0946,Nederweert,https://gr2026-data.stemwijzer.nl/GM0946/data.json,200,2026-03-25T00:45:45.084Z,99a2879f2b1d91d27824febdffdc125e8ffa8de8e84e961d0aeef14b1c55859c,172707,,
GM0957,Roermond,https://gr2026-data.stemwijzer.nl/GM0957/data.json,200,2026-03-25T00:45:49.420Z,c080631d857692d485dad2e94710ea84fdc87c95278d79386bc73f3cb500e1da,226119,,
GM0971,Stein (L.),https://gr2026-data.stemwijzer.nl/GM0971/data.json,200,2026-03-25T00:45:53.790Z,4b8f134bb0e1ec6486449f0a408403cb0d795c071e92234202ae9a3fc05b836d,134211,,
GM0981,Vaals,https://gr2026-data.stemwijzer.nl/GM0981/data.json,200,2026-03-25T00:45:58.309Z,1cfb7c3febb47c8ced93db181075154354d38d454154eeb83ae8cdd9701ec3d3,122779,,
GM0983,Venlo,https://gr2026-data.stemwijzer.nl/GM0983/data.json,200,2026-03-25T00:46:02.834Z,78287c672812b9706bcdaf51c6e2eede358c7e27665919a895731c881f10432c,256603,,
GM0984,Venray,https://gr2026-data.stemwijzer.nl/GM0984/data.json,200,2026-03-25T00:46:06.983Z,accd793c86a193debdedadb7e1c8ceb412809a2aeff73a70773f2264c5fd484b,220199,,
GM0988,Weert,https://gr2026-data.stemwijzer.nl/GM0988/data.json,200,2026-03-25T00:46:11.119Z,5b11659a75b5fcf8b68e98a7c957b5c28eda81cd5ffa687fd648e8f8159fb4c7,170351,,
GM0995,Lelystad,https://gr2026-data.stemwijzer.nl/GM0995/data.json,200,2026-03-25T00:46:15.442Z,db62ba2a0d402db6159d87e00063020b62db94dc1c8d3e41521a1dc26e170bc3,336407,,
GM1509,Oude IJsselstreek,https://gr2026-data.stemwijzer.nl/GM1509/data.json,200,2026-03-25T00:46:19.877Z,2d31431adba294ef5f7cad22d846e8e23fe00676be237ff083ba244e5e7f5e14,378387,,
GM1525,Teylingen,https://gr2026-data.stemwijzer.nl/GM1525/data.json,200,2026-03-25T00:46:24.279Z,333a346fcd778757ba4d4fc88f0d13551b01f379e50bde1183c82b5b29a732d4,213435,,
GM1581,Utrechtse Heuvelrug,https://gr2026-data.stemwijzer.nl/GM1581/data.json,200,2026-03-25T00:46:28.672Z,e97f6b119bda724fde6eda0d0900c712e3385c7eaeee0f4d540a19bc0211a842,472127,,
GM1586,Oost Gelre,https://gr2026-data.stemwijzer.nl/GM1586/data.json,200,2026-03-25T00:46:33.111Z,358b1d726746d7efdf0cdeb93333a386c33c8cf668e1383591ac903bf2c6d9a2,164623,,
GM1621,Lansingerland,https://gr2026-data.stemwijzer.nl/GM1621/data.json,200,2026-03-25T00:46:37.392Z,d3ab3f27cc5dce4acd4ad28d83c059b1ed3121ab09576dd152ee858ecc6d401c,206027,,
GM1652,Gemert-Bakel,https://gr2026-data.stemwijzer.nl/GM1652/data.json,200,2026-03-25T00:46:41.648Z,0ff9dd1741e29ef47f866f22d4133b7732c47027669cd451ebe7fdd2d7638de7,133683,,
GM1655,Halderberge,https://gr2026-data.stemwijzer.nl/GM1655/data.json,200,2026-03-25T00:46:45.830Z,bc03eff5b411aac0465aec4f72f30d46625d62b79da7442fc60cf0e9d2afe082,163923,,
GM1658,Heeze-Leende,https://gr2026-data.stemwijzer.nl/GM1658/data.json,200,2026-03-25T00:46:50.129Z,ae50b2ff77b6380e2afbb78b74bb1ad6ddee6fd0aeaf3b219bcbe01c368e607f,128507,,
GM1667,Reusel-De Mierden,https://gr2026-data.stemwijzer.nl/GM1667/data.json,200,2026-03-25T00:46:54.462Z,26b6aadb87c5da482aa8aef4e867bb4d42879902079ebfa9e1cc790d41b822db,108431,,
GM1669,Roerdalen,https://gr2026-data.stemwijzer.nl/GM1669/data.json,200,2026-03-25T00:46:58.666Z,de276214b9f51369281d488155a6a3dd9473a18c018e9ecfebcf8243e661be8d,90391,,
GM1674,Roosendaal,https://gr2026-data.stemwijzer.nl/GM1674/data.json,200,2026-03-25T00:47:03.123Z,3b47941597469cc37e5d2a8a2f316a4ea24cf7b71e9bcfca4a9e26861e155bd8,619887,,
GM1676,Schouwen-Duiveland,https://gr2026-data.stemwijzer.nl/GM1676/data.json,200,2026-03-25T00:47:07.593Z,c4556f60840dc0b15a0e3004999e4f04978e5186e3300651c27b2a66ff4fb6f4,182267,,
GM1695,Noord-Beveland,https://gr2026-data.stemwijzer.nl/GM1695/data.json,200,2026-03-25T00:47:12.013Z,d44fcbb1bb5230b547470687b95c7e2afefed495c0a628ebd304e35af89d79f2,198539,,
GM1700,Twenterand,https://gr2026-data.stemwijzer.nl/GM1700/data.json,200,2026-03-25T00:47:16.500Z,28653aecf4ea4767b04285f8d4839565d280a896fb34355b2369fd936b21b27f,272295,,
GM1701,Westerveld,https://gr2026-data.stemwijzer.nl/GM1701/data.json,200,2026-03-25T00:47:20.661Z,7502b4afd18fce653acf06d7a8ec3b315a5db31674828959ffd3cdf9f1b19ddd,162283,,
GM1705,Lingewaard,https://gr2026-data.stemwijzer.nl/GM1705/data.json,200,2026-03-25T00:47:24.973Z,84641e00cdb679009f10ee657b7b022add99b96d1d916e2c86983b752e03d9dd,461051,,
GM1708,Steenwijkerland,https://gr2026-data.stemwijzer.nl/GM1708/data.json,200,2026-03-25T00:47:29.362Z,5b8946f8125be17e5372f876e2b675faa661fca15f4bb2652f1069cddba031fc,264439,,
GM1709,Moerdijk,https://gr2026-data.stemwijzer.nl/GM1709/data.json,200,2026-03-25T00:47:33.558Z,c487be6255e52ad8e6df76a232d76c929810751c7581c66360ea9f2a502c1459,212291,,
GM1714,Sluis,https://gr2026-data.stemwijzer.nl/GM1714/data.json,200,2026-03-25T00:47:37.766Z,81670f6c76f1c771a96173a614a362b44ea8e542341642c3f04007b1e400e9c2,168343,,
GM1719,Drimmelen,https://gr2026-data.stemwijzer.nl/GM1719/data.json,200,2026-03-25T00:47:42.123Z,c082616c323e722b45c99a710cbffec85570de82bc13d151bfaf39d18c2806e0,171823,,
GM1721,Bernheze,https://gr2026-data.stemwijzer.nl/GM1721/data.json,200,2026-03-25T00:47:46.616Z,50c4849a8b5f9ac6e0172a6300ed51e138016ad1a9c002613176195d667c74a9,231247,,
GM1723,Alphen-Chaam,https://gr2026-data.stemwijzer.nl/GM1723/data.json,200,2026-03-25T00:47:50.834Z,1bc36bc055920cd04296f78c9937aadc454ec092dd9d6a9c448154bf298f1a04,161919,,
GM1724,Bergeijk,https://gr2026-data.stemwijzer.nl/GM1724/data.json,200,2026-03-25T00:47:55.268Z,75d73baed13c9bb850efcab091ba8dee67c1881a1b40a6b6e99ea098ad9ce7b4,84487,,
GM1728,Bladel,https://gr2026-data.stemwijzer.nl/GM1728/data.json,200,2026-03-25T00:47:59.642Z,a29a68d0734ad0b3c5378b11408c28044e9c072908504c0f8336e82561a1b551,128779,,
GM1729,Gulpen-Wittem,https://gr2026-data.stemwijzer.nl/GM1729/data.json,200,2026-03-25T00:48:03.800Z,44fc37dd6c3ce2c7399b55fcc3c55e23a82908f4579c274e2bc18500a5895428,110659,,
GM1734,Overbetuwe,https://gr2026-data.stemwijzer.nl/GM1734/data.json,200,2026-03-25T00:48:08.328Z,69d50ff8caed7f9279a82e3823d3f09b91fdd36ec6c5ab98d5f2881232cf4dd9,378171,,
GM1735,Hof van Twente,https://gr2026-data.stemwijzer.nl/GM1735/data.json,200,2026-03-25T00:48:12.727Z,91b0f1a69cd2c338587775438ebde984c8dc01d4195944ba44a9c7ab6088f68a,144179,,
GM1740,Neder-Betuwe,https://gr2026-data.stemwijzer.nl/GM1740/data.json,200,2026-03-25T00:48:16.981Z,827a869254a38c72948c5f8439076733957436671997451f8f3f804218f0f609,140959,,
GM1773,Olst-Wijhe,https://gr2026-data.stemwijzer.nl/GM1773/data.json,200,2026-03-25T00:48:21.396Z,ac6eadf1ec7e87f2a3d220e0c3a38c941bf34bda6c3a3009b024121962ba482f,83991,,
GM1774,Dinkelland,https://gr2026-data.stemwijzer.nl/GM1774/data.json,200,2026-03-25T00:48:25.726Z,f71a1e8d50d3f85566c4f32e738e43070f338215b578c1b35b4bf421616e153e,118831,,
GM1783,Westland,https://gr2026-data.stemwijzer.nl/GM1783/data.json,200,2026-03-25T00:48:30.100Z,53bf96464b428958615a48fcf0f173a5105349636e3a619127d040c32d290ffc,230843,,
GM1842,Midden-Delfland,https://gr2026-data.stemwijzer.nl/GM1842/data.json,200,2026-03-25T00:48:34.253Z,0ce1ab70c6ed7fa133a3a117707dbd0ef93dd3f25e9a3faa7d0117542f44d016,163147,,
GM1859,Berkelland,https://gr2026-data.stemwijzer.nl/GM1859/data.json,200,2026-03-25T00:48:38.525Z,e1ab4f4fea5099e8f74e9107c3ccf4868ab212477cab396bca1e4c21a8795fad,140647,,
GM1876,Bronckhorst,https://gr2026-data.stemwijzer.nl/GM1876/data.json,200,2026-03-25T00:48:43.097Z,f0445d00dfa043f7848e9913f1ab4ee868344668415e1f19ccea01d90bfbfe5a,168767,,
GM1884,Kaag en Braassem,https://gr2026-data.stemwijzer.nl/GM1884/data.json,200,2026-03-25T00:48:47.558Z,197d368781eb50ffab90f5cb51cf0989e90ecff2df8f7d4f9234717355af67e7,125115,,
GM1891,Dantumadiel,https://gr2026-data.stemwijzer.nl/GM1891/data.json,404,2026-03-25T00:48:51.733Z,f7cb97b6fb9e2a4401922d1576354d20c1c7c4b3cac5e8d20e3ed33ee341ba2b,6293,,not found
GM1892,Zuidplas,https://gr2026-data.stemwijzer.nl/GM1892/data.json,200,2026-03-25T00:48:55.956Z,7c163e4180ba833ecb7e0819d7dde69abc651af14302752c0e39eeda63aaf362,214203,,
GM1894,Peel en Maas,https://gr2026-data.stemwijzer.nl/GM1894/data.json,200,2026-03-25T00:49:00.151Z,33b291adf24a0556466434329b02a5ba07b700796f43439d7d5331c401601305,154935,,
GM1896,Zwartewaterland,https://gr2026-data.stemwijzer.nl/GM1896/data.json,200,2026-03-25T00:49:04.310Z,4ede7f8cbe93082d049152e9fdc2a8c3e75018506e6c20fec208da2029fdffef,122839,,
GM1901,Bodegraven-Reeuwijk,https://gr2026-data.stemwijzer.nl/GM1901/data.json,200,2026-03-25T00:49:08.594Z,c8f010ba770d1ed7c5f0bbc663ff6f15c987edec896bc499695d47d12410fc6e,207895,,
GM1904,Stichtse Vecht,https://gr2026-data.stemwijzer.nl/GM1904/data.json,200,2026-03-25T00:49:12.938Z,74a0987e03e4e774398e02632e18293c4576bb554edd87896761d4d23039c1d1,240663,,
GM1916,Leidschendam-Voorburg,https://gr2026-data.stemwijzer.nl/GM1916/data.json,200,2026-03-25T00:49:17.217Z,ce4ae12adda7f4374a9fecd76814da77f9906402eefed31ab484f9bef6aaa68d,257103,,
GM1924,Goeree-Overflakkee,https://gr2026-data.stemwijzer.nl/GM1924/data.json,200,2026-03-25T00:49:21.711Z,10bd91d18cd6d8ef588a5174b045000edb00c47484c52b1bff0502e240ebd006,208887,,
GM1926,Pijnacker-Nootdorp,https://gr2026-data.stemwijzer.nl/GM1926/data.json,200,2026-03-25T00:49:25.910Z,10ddb1946c59cc4c7b531d6e936d0da996aea117ddbc5a2620de1d061819b2de,225979,,
GM1930,Nissewaard,https://gr2026-data.stemwijzer.nl/GM1930/data.json,200,2026-03-25T00:49:30.395Z,f22d2577a2f05f2547e3d6dca362a0fe7acfc40cbc786f67218d7ba8a0a97219,290239,,
GM1931,Krimpenerwaard,https://gr2026-data.stemwijzer.nl/GM1931/data.json,200,2026-03-25T00:49:34.626Z,f22e4a8e6c4f7e68c24d541e0fde34515502d39e8cfcadb6306049b2bfb6c1c9,534371,,
GM1942,Gooise Meren,https://gr2026-data.stemwijzer.nl/GM1942/data.json,200,2026-03-25T00:49:38.950Z,dd1582d6dbba25aa101a4a436e3cd6177340a4de4577deada8667f0a62b6e7d2,319879,,
GM1945,Berg en Dal,https://gr2026-data.stemwijzer.nl/GM1945/data.json,200,2026-03-25T00:49:43.336Z,0c0701e3acd91daecdd3ac9fc7981a2a2e7d3a548892cfab8f5a02ea058e3b20,162575,,
GM1948,Meierijstad,https://gr2026-data.stemwijzer.nl/GM1948/data.json,200,2026-03-25T00:49:47.650Z,67e71d76f523dcc1e612649c336d4af25e352048a935f54ae8e9a00ec52e56f1,240343,,
GM1949,Waadhoeke,https://gr2026-data.stemwijzer.nl/GM1949/data.json,200,2026-03-25T00:49:52.130Z,2bbbc5f8d0ecaa26c392c86cb06dada677bb6a6b67ad19c5340c72535cb14a02,173307,,
GM1950,Westerwolde,https://gr2026-data.stemwijzer.nl/GM1950/data.json,200,2026-03-25T00:49:56.498Z,82a6bf996edf616bbbb364b9c2606097572db6371b6c8911a90418073efa98a7,190139,,
GM1955,Montferland,https://gr2026-data.stemwijzer.nl/GM1955/data.json,200,2026-03-25T00:50:00.938Z,a17a5e780cdd480f6b8e58535ef7e33b46d0c1390873dbec008593007734d47e,372379,,
GM1959,Altena,https://gr2026-data.stemwijzer.nl/GM1959/data.json,200,2026-03-25T00:50:05.096Z,89d9a2f6215c31cc7f6264a78b8ace139528cb60fd7ddc0e501f0c6e3bc76721,170559,,
GM1960,West Betuwe,https://gr2026-data.stemwijzer.nl/GM1960/data.json,200,2026-03-25T00:50:09.268Z,bd0bce3d2382eb5de60bd809731794b7f46740fd655baab446bbeaef2fc65767,469839,,
GM1961,Vijfheerenlanden,https://gr2026-data.stemwijzer.nl/GM1961/data.json,200,2026-03-25T00:50:13.413Z,daddee2892d1711f1f687fe9ce80014d2fe7320aec6c90fe65c0f8a8144ccf1a,180683,,
GM1969,Westerkwartier,https://gr2026-data.stemwijzer.nl/GM1969/data.json,200,2026-03-25T00:50:17.648Z,27f288f3fb2ea5f06931226362ece45832cbc8ef7b3ba24620dc63d717c3a312,353271,,
GM1970,Noardeast-Fryslân,https://gr2026-data.stemwijzer.nl/GM1970/data.json,404,2026-03-25T00:50:21.911Z,f7cb97b6fb9e2a4401922d1576354d20c1c7c4b3cac5e8d20e3ed33ee341ba2b,6293,,not found
GM1978,Molenlanden,https://gr2026-data.stemwijzer.nl/GM1978/data.json,200,2026-03-25T00:50:26.124Z,0923b4e10e37f4ecf7d88a8445d7ee48f7f5f63466bde79a88758a4012d4e5f8,125771,,
GM1979,Eemsdelta,https://gr2026-data.stemwijzer.nl/GM1979/data.json,200,2026-03-25T00:50:30.630Z,261a760b9efb4477f7f6d7bb8e4dd56d6b7aa2d12327988c76473d657f480126,211975,,
GM1980,Dijk en Waard,https://gr2026-data.stemwijzer.nl/GM1980/data.json,200,2026-03-25T00:50:35.075Z,14f3be48fde4ce770636dc9ec5c93563f0637050e54b00bae328ef76b35683d2,257951,,
GM1991,Maashorst,https://gr2026-data.stemwijzer.nl/GM1991/data.json,200,2026-03-25T00:50:39.615Z,47a6652bb43d2534f30485f65d73fa6ff672b9a14251ee79358c10bd5fdb9612,442991,,
GM1992,Voorne aan Zee,https://gr2026-data.stemwijzer.nl/GM1992/data.json,200,2026-03-25T00:50:44.078Z,7855087a2893c94af35292eb7f4cefb17015012101dce34eef7df2d5d58096a5,322695,,
